[{"title":"Genesis 1","children":[{"string":"Book:: [[Genesis]]"}]},{"title":"Genesis 2","children":[{"string":"Book:: [[Genesis]]"}]},{"title":"Genesis 3","children":[{"string":"Book:: [[Genesis]]"}]},{"title":"Genesis 4","children":[{"string":"Book:: [[Genesis]]"}]},{"title":"Genesis 5","children":[{"string":"Book:: [[Genesis]]"}]},{"title":"Genesis 6","children":[{"string":"Book:: [[Genesis]]"}]},{"title":"Genesis 7","children":[{"string":"Book:: [[Genesis]]"}]},{"title":"Genesis 8","children":[{"string":"Book:: [[Genesis]]"}]},{"title":"Genesis 9","children":[{"string":"Book:: [[Genesis]]"}]},{"title":"Genesis 10","children":[{"string":"Book:: [[Genesis]]"}]},{"title":"Genesis 11","children":[{"string":"Book:: [[Genesis]]"}]},{"title":"Genesis 12","children":[{"string":"Book:: [[Genesis]]"}]},{"title":"Genesis 13","children":[{"string":"Book:: [[Genesis]]"}]},{"title":"Genesis 14","children":[{"string":"Book:: [[Genesis]]"}]},{"title":"Genesis 15","children":[{"string":"Book:: [[Genesis]]"}]},{"title":"Genesis 16","children":[{"string":"Book:: [[Genesis]]"}]},{"title":"Genesis 17","children":[{"string":"Book:: [[Genesis]]"}]},{"title":"Genesis 18","children":[{"string":"Book:: [[Genesis]]"}]},{"title":"Genesis 19","children":[{"string":"Book:: [[Genesis]]"}]},{"title":"Genesis 20","children":[{"string":"Book:: [[Genesis]]"}]},{"title":"Genesis 21","children":[{"string":"Book:: [[Genesis]]"}]},{"title":"Genesis 22","children":[{"string":"Book:: [[Genesis]]"}]},{"title":"Genesis 23","children":[{"string":"Book:: [[Genesis]]"}]},{"title":"Genesis 24","children":[{"string":"Book:: [[Genesis]]"}]},{"title":"Genesis 25","children":[{"string":"Book:: [[Genesis]]"}]},{"title":"Genesis 26","children":[{"string":"Book:: [[Genesis]]"}]},{"title":"Genesis 27","children":[{"string":"Book:: [[Genesis]]"}]},{"title":"Genesis 28","children":[{"string":"Book:: [[Genesis]]"}]},{"title":"Genesis 29","children":[{"string":"Book:: [[Genesis]]"}]},{"title":"Genesis 30","children":[{"string":"Book:: [[Genesis]]"}]},{"title":"Genesis 31","children":[{"string":"Book:: [[Genesis]]"}]},{"title":"Genesis 32","children":[{"string":"Book:: [[Genesis]]"}]},{"title":"Genesis 33","children":[{"string":"Book:: [[Genesis]]"}]},{"title":"Genesis 34","children":[{"string":"Book:: [[Genesis]]"}]},{"title":"Genesis 35","children":[{"string":"Book:: [[Genesis]]"}]},{"title":"Genesis 36","children":[{"string":"Book:: [[Genesis]]"}]},{"title":"Genesis 37","children":[{"string":"Book:: [[Genesis]]"}]},{"title":"Genesis 38","children":[{"string":"Book:: [[Genesis]]"}]},{"title":"Genesis 39","children":[{"string":"Book:: [[Genesis]]"}]},{"title":"Genesis 40","children":[{"string":"Book:: [[Genesis]]"}]},{"title":"Genesis 41","children":[{"string":"Book:: [[Genesis]]"}]},{"title":"Genesis 42","children":[{"string":"Book:: [[Genesis]]"}]},{"title":"Genesis 43","children":[{"string":"Book:: [[Genesis]]"}]},{"title":"Genesis 44","children":[{"string":"Book:: [[Genesis]]"}]},{"title":"Genesis 45","children":[{"string":"Book:: [[Genesis]]"}]},{"title":"Genesis 46","children":[{"string":"Book:: [[Genesis]]"}]},{"title":"Genesis 47","children":[{"string":"Book:: [[Genesis]]"}]},{"title":"Genesis 48","children":[{"string":"Book:: [[Genesis]]"}]},{"title":"Genesis 49","children":[{"string":"Book:: [[Genesis]]"}]},{"title":"Genesis 50","children":[{"string":"Book:: [[Genesis]]"}]},{"title":"Exodus 1","children":[{"string":"Book:: [[Exodus]]"}]},{"title":"Exodus 2","children":[{"string":"Book:: [[Exodus]]"}]},{"title":"Exodus 3","children":[{"string":"Book:: [[Exodus]]"}]},{"title":"Exodus 4","children":[{"string":"Book:: [[Exodus]]"}]},{"title":"Exodus 5","children":[{"string":"Book:: [[Exodus]]"}]},{"title":"Exodus 6","children":[{"string":"Book:: [[Exodus]]"}]},{"title":"Exodus 7","children":[{"string":"Book:: [[Exodus]]"}]},{"title":"Exodus 8","children":[{"string":"Book:: [[Exodus]]"}]},{"title":"Exodus 9","children":[{"string":"Book:: [[Exodus]]"}]},{"title":"Exodus 10","children":[{"string":"Book:: [[Exodus]]"}]},{"title":"Exodus 11","children":[{"string":"Book:: [[Exodus]]"}]},{"title":"Exodus 12","children":[{"string":"Book:: [[Exodus]]"}]},{"title":"Exodus 13","children":[{"string":"Book:: [[Exodus]]"}]},{"title":"Exodus 14","children":[{"string":"Book:: [[Exodus]]"}]},{"title":"Exodus 15","children":[{"string":"Book:: [[Exodus]]"}]},{"title":"Exodus 16","children":[{"string":"Book:: [[Exodus]]"}]},{"title":"Exodus 17","children":[{"string":"Book:: [[Exodus]]"}]},{"title":"Exodus 18","children":[{"string":"Book:: [[Exodus]]"}]},{"title":"Exodus 19","children":[{"string":"Book:: [[Exodus]]"}]},{"title":"Exodus 20","children":[{"string":"Book:: [[Exodus]]"}]},{"title":"Exodus 21","children":[{"string":"Book:: [[Exodus]]"}]},{"title":"Exodus 22","children":[{"string":"Book:: [[Exodus]]"}]},{"title":"Exodus 23","children":[{"string":"Book:: [[Exodus]]"}]},{"title":"Exodus 24","children":[{"string":"Book:: [[Exodus]]"}]},{"title":"Exodus 25","children":[{"string":"Book:: [[Exodus]]"}]},{"title":"Exodus 26","children":[{"string":"Book:: [[Exodus]]"}]},{"title":"Exodus 27","children":[{"string":"Book:: [[Exodus]]"}]},{"title":"Exodus 28","children":[{"string":"Book:: [[Exodus]]"}]},{"title":"Exodus 29","children":[{"string":"Book:: [[Exodus]]"}]},{"title":"Exodus 30","children":[{"string":"Book:: [[Exodus]]"}]},{"title":"Exodus 31","children":[{"string":"Book:: [[Exodus]]"}]},{"title":"Exodus 32","children":[{"string":"Book:: [[Exodus]]"}]},{"title":"Exodus 33","children":[{"string":"Book:: [[Exodus]]"}]},{"title":"Exodus 34","children":[{"string":"Book:: [[Exodus]]"}]},{"title":"Exodus 35","children":[{"string":"Book:: [[Exodus]]"}]},{"title":"Exodus 36","children":[{"string":"Book:: [[Exodus]]"}]},{"title":"Exodus 37","children":[{"string":"Book:: [[Exodus]]"}]},{"title":"Exodus 38","children":[{"string":"Book:: [[Exodus]]"}]},{"title":"Exodus 39","children":[{"string":"Book:: [[Exodus]]"}]},{"title":"Exodus 40","children":[{"string":"Book:: [[Exodus]]"}]},{"title":"Leviticus 1","children":[{"string":"Book:: [[Leviticus]]"}]},{"title":"Leviticus 2","children":[{"string":"Book:: [[Leviticus]]"}]},{"title":"Leviticus 3","children":[{"string":"Book:: [[Leviticus]]"}]},{"title":"Leviticus 4","children":[{"string":"Book:: [[Leviticus]]"}]},{"title":"Leviticus 5","children":[{"string":"Book:: [[Leviticus]]"}]},{"title":"Leviticus 6","children":[{"string":"Book:: [[Leviticus]]"}]},{"title":"Leviticus 7","children":[{"string":"Book:: [[Leviticus]]"}]},{"title":"Leviticus 8","children":[{"string":"Book:: [[Leviticus]]"}]},{"title":"Leviticus 9","children":[{"string":"Book:: [[Leviticus]]"}]},{"title":"Leviticus 10","children":[{"string":"Book:: [[Leviticus]]"}]},{"title":"Leviticus 11","children":[{"string":"Book:: [[Leviticus]]"}]},{"title":"Leviticus 12","children":[{"string":"Book:: [[Leviticus]]"}]},{"title":"Leviticus 13","children":[{"string":"Book:: [[Leviticus]]"}]},{"title":"Leviticus 14","children":[{"string":"Book:: [[Leviticus]]"}]},{"title":"Leviticus 15","children":[{"string":"Book:: [[Leviticus]]"}]},{"title":"Leviticus 16","children":[{"string":"Book:: [[Leviticus]]"}]},{"title":"Leviticus 17","children":[{"string":"Book:: [[Leviticus]]"}]},{"title":"Leviticus 18","children":[{"string":"Book:: [[Leviticus]]"}]},{"title":"Leviticus 19","children":[{"string":"Book:: [[Leviticus]]"}]},{"title":"Leviticus 20","children":[{"string":"Book:: [[Leviticus]]"}]},{"title":"Leviticus 21","children":[{"string":"Book:: [[Leviticus]]"}]},{"title":"Leviticus 22","children":[{"string":"Book:: [[Leviticus]]"}]},{"title":"Leviticus 23","children":[{"string":"Book:: [[Leviticus]]"}]},{"title":"Leviticus 24","children":[{"string":"Book:: [[Leviticus]]"}]},{"title":"Leviticus 25","children":[{"string":"Book:: [[Leviticus]]"}]},{"title":"Leviticus 26","children":[{"string":"Book:: [[Leviticus]]"}]},{"title":"Leviticus 27","children":[{"string":"Book:: [[Leviticus]]"}]},{"title":"Numbers 1","children":[{"string":"Book:: [[Numbers]]"}]},{"title":"Numbers 2","children":[{"string":"Book:: [[Numbers]]"}]},{"title":"Numbers 3","children":[{"string":"Book:: [[Numbers]]"}]},{"title":"Numbers 4","children":[{"string":"Book:: [[Numbers]]"}]},{"title":"Numbers 5","children":[{"string":"Book:: [[Numbers]]"}]},{"title":"Numbers 6","children":[{"string":"Book:: [[Numbers]]"}]},{"title":"Numbers 7","children":[{"string":"Book:: [[Numbers]]"}]},{"title":"Numbers 8","children":[{"string":"Book:: [[Numbers]]"}]},{"title":"Numbers 9","children":[{"string":"Book:: [[Numbers]]"}]},{"title":"Numbers 10","children":[{"string":"Book:: [[Numbers]]"}]},{"title":"Numbers 11","children":[{"string":"Book:: [[Numbers]]"}]},{"title":"Numbers 12","children":[{"string":"Book:: [[Numbers]]"}]},{"title":"Numbers 13","children":[{"string":"Book:: [[Numbers]]"}]},{"title":"Numbers 14","children":[{"string":"Book:: [[Numbers]]"}]},{"title":"Numbers 15","children":[{"string":"Book:: [[Numbers]]"}]},{"title":"Numbers 16","children":[{"string":"Book:: [[Numbers]]"}]},{"title":"Numbers 17","children":[{"string":"Book:: [[Numbers]]"}]},{"title":"Numbers 18","children":[{"string":"Book:: [[Numbers]]"}]},{"title":"Numbers 19","children":[{"string":"Book:: [[Numbers]]"}]},{"title":"Numbers 20","children":[{"string":"Book:: [[Numbers]]"}]},{"title":"Numbers 21","children":[{"string":"Book:: [[Numbers]]"}]},{"title":"Numbers 22","children":[{"string":"Book:: [[Numbers]]"}]},{"title":"Numbers 23","children":[{"string":"Book:: [[Numbers]]"}]},{"title":"Numbers 24","children":[{"string":"Book:: [[Numbers]]"}]},{"title":"Numbers 25","children":[{"string":"Book:: [[Numbers]]"}]},{"title":"Numbers 26","children":[{"string":"Book:: [[Numbers]]"}]},{"title":"Numbers 27","children":[{"string":"Book:: [[Numbers]]"}]},{"title":"Numbers 28","children":[{"string":"Book:: [[Numbers]]"}]},{"title":"Numbers 29","children":[{"string":"Book:: [[Numbers]]"}]},{"title":"Numbers 30","children":[{"string":"Book:: [[Numbers]]"}]},{"title":"Numbers 31","children":[{"string":"Book:: [[Numbers]]"}]},{"title":"Numbers 32","children":[{"string":"Book:: [[Numbers]]"}]},{"title":"Numbers 33","children":[{"string":"Book:: [[Numbers]]"}]},{"title":"Numbers 34","children":[{"string":"Book:: [[Numbers]]"}]},{"title":"Numbers 35","children":[{"string":"Book:: [[Numbers]]"}]},{"title":"Numbers 36","children":[{"string":"Book:: [[Numbers]]"}]},{"title":"Deuteronomy 1","children":[{"string":"Book:: [[Deuteronomy]]"}]},{"title":"Deuteronomy 2","children":[{"string":"Book:: [[Deuteronomy]]"}]},{"title":"Deuteronomy 3","children":[{"string":"Book:: [[Deuteronomy]]"}]},{"title":"Deuteronomy 4","children":[{"string":"Book:: [[Deuteronomy]]"}]},{"title":"Deuteronomy 5","children":[{"string":"Book:: [[Deuteronomy]]"}]},{"title":"Deuteronomy 6","children":[{"string":"Book:: [[Deuteronomy]]"}]},{"title":"Deuteronomy 7","children":[{"string":"Book:: [[Deuteronomy]]"}]},{"title":"Deuteronomy 8","children":[{"string":"Book:: [[Deuteronomy]]"}]},{"title":"Deuteronomy 9","children":[{"string":"Book:: [[Deuteronomy]]"}]},{"title":"Deuteronomy 10","children":[{"string":"Book:: [[Deuteronomy]]"}]},{"title":"Deuteronomy 11","children":[{"string":"Book:: [[Deuteronomy]]"}]},{"title":"Deuteronomy 12","children":[{"string":"Book:: [[Deuteronomy]]"}]},{"title":"Deuteronomy 13","children":[{"string":"Book:: [[Deuteronomy]]"}]},{"title":"Deuteronomy 14","children":[{"string":"Book:: [[Deuteronomy]]"}]},{"title":"Deuteronomy 15","children":[{"string":"Book:: [[Deuteronomy]]"}]},{"title":"Deuteronomy 16","children":[{"string":"Book:: [[Deuteronomy]]"}]},{"title":"Deuteronomy 17","children":[{"string":"Book:: [[Deuteronomy]]"}]},{"title":"Deuteronomy 18","children":[{"string":"Book:: [[Deuteronomy]]"}]},{"title":"Deuteronomy 19","children":[{"string":"Book:: [[Deuteronomy]]"}]},{"title":"Deuteronomy 20","children":[{"string":"Book:: [[Deuteronomy]]"}]},{"title":"Deuteronomy 21","children":[{"string":"Book:: [[Deuteronomy]]"}]},{"title":"Deuteronomy 22","children":[{"string":"Book:: [[Deuteronomy]]"}]},{"title":"Deuteronomy 23","children":[{"string":"Book:: [[Deuteronomy]]"}]},{"title":"Deuteronomy 24","children":[{"string":"Book:: [[Deuteronomy]]"}]},{"title":"Deuteronomy 25","children":[{"string":"Book:: [[Deuteronomy]]"}]},{"title":"Deuteronomy 26","children":[{"string":"Book:: [[Deuteronomy]]"}]},{"title":"Deuteronomy 27","children":[{"string":"Book:: [[Deuteronomy]]"}]},{"title":"Deuteronomy 28","children":[{"string":"Book:: [[Deuteronomy]]"}]},{"title":"Deuteronomy 29","children":[{"string":"Book:: [[Deuteronomy]]"}]},{"title":"Deuteronomy 30","children":[{"string":"Book:: [[Deuteronomy]]"}]},{"title":"Deuteronomy 31","children":[{"string":"Book:: [[Deuteronomy]]"}]},{"title":"Deuteronomy 32","children":[{"string":"Book:: [[Deuteronomy]]"}]},{"title":"Deuteronomy 33","children":[{"string":"Book:: [[Deuteronomy]]"}]},{"title":"Deuteronomy 34","children":[{"string":"Book:: [[Deuteronomy]]"}]},{"title":"Joshua 1","children":[{"string":"Book:: [[Joshua]]"}]},{"title":"Joshua 2","children":[{"string":"Book:: [[Joshua]]"}]},{"title":"Joshua 3","children":[{"string":"Book:: [[Joshua]]"}]},{"title":"Joshua 4","children":[{"string":"Book:: [[Joshua]]"}]},{"title":"Joshua 5","children":[{"string":"Book:: [[Joshua]]"}]},{"title":"Joshua 6","children":[{"string":"Book:: [[Joshua]]"}]},{"title":"Joshua 7","children":[{"string":"Book:: [[Joshua]]"}]},{"title":"Joshua 8","children":[{"string":"Book:: [[Joshua]]"}]},{"title":"Joshua 9","children":[{"string":"Book:: [[Joshua]]"}]},{"title":"Joshua 10","children":[{"string":"Book:: [[Joshua]]"}]},{"title":"Joshua 11","children":[{"string":"Book:: [[Joshua]]"}]},{"title":"Joshua 12","children":[{"string":"Book:: [[Joshua]]"}]},{"title":"Joshua 13","children":[{"string":"Book:: [[Joshua]]"}]},{"title":"Joshua 14","children":[{"string":"Book:: [[Joshua]]"}]},{"title":"Joshua 15","children":[{"string":"Book:: [[Joshua]]"}]},{"title":"Joshua 16","children":[{"string":"Book:: [[Joshua]]"}]},{"title":"Joshua 17","children":[{"string":"Book:: [[Joshua]]"}]},{"title":"Joshua 18","children":[{"string":"Book:: [[Joshua]]"}]},{"title":"Joshua 19","children":[{"string":"Book:: [[Joshua]]"}]},{"title":"Joshua 20","children":[{"string":"Book:: [[Joshua]]"}]},{"title":"Joshua 21","children":[{"string":"Book:: [[Joshua]]"}]},{"title":"Joshua 22","children":[{"string":"Book:: [[Joshua]]"}]},{"title":"Joshua 23","children":[{"string":"Book:: [[Joshua]]"}]},{"title":"Joshua 24","children":[{"string":"Book:: [[Joshua]]"}]},{"title":"Judges 1","children":[{"string":"Book:: [[Judges]]"}]},{"title":"Judges 2","children":[{"string":"Book:: [[Judges]]"}]},{"title":"Judges 3","children":[{"string":"Book:: [[Judges]]"}]},{"title":"Judges 4","children":[{"string":"Book:: [[Judges]]"}]},{"title":"Judges 5","children":[{"string":"Book:: [[Judges]]"}]},{"title":"Judges 6","children":[{"string":"Book:: [[Judges]]"}]},{"title":"Judges 7","children":[{"string":"Book:: [[Judges]]"}]},{"title":"Judges 8","children":[{"string":"Book:: [[Judges]]"}]},{"title":"Judges 9","children":[{"string":"Book:: [[Judges]]"}]},{"title":"Judges 10","children":[{"string":"Book:: [[Judges]]"}]},{"title":"Judges 11","children":[{"string":"Book:: [[Judges]]"}]},{"title":"Judges 12","children":[{"string":"Book:: [[Judges]]"}]},{"title":"Judges 13","children":[{"string":"Book:: [[Judges]]"}]},{"title":"Judges 14","children":[{"string":"Book:: [[Judges]]"}]},{"title":"Judges 15","children":[{"string":"Book:: [[Judges]]"}]},{"title":"Judges 16","children":[{"string":"Book:: [[Judges]]"}]},{"title":"Judges 17","children":[{"string":"Book:: [[Judges]]"}]},{"title":"Judges 18","children":[{"string":"Book:: [[Judges]]"}]},{"title":"Judges 19","children":[{"string":"Book:: [[Judges]]"}]},{"title":"Judges 20","children":[{"string":"Book:: [[Judges]]"}]},{"title":"Judges 21","children":[{"string":"Book:: [[Judges]]"}]},{"title":"Ruth 1","children":[{"string":"Book:: [[Ruth]]"}]},{"title":"Ruth 2","children":[{"string":"Book:: [[Ruth]]"}]},{"title":"Ruth 3","children":[{"string":"Book:: [[Ruth]]"}]},{"title":"Ruth 4","children":[{"string":"Book:: [[Ruth]]"}]},{"title":"1 Samuel 1","children":[{"string":"Book:: [[1 Samuel]]"}]},{"title":"1 Samuel 2","children":[{"string":"Book:: [[1 Samuel]]"}]},{"title":"1 Samuel 3","children":[{"string":"Book:: [[1 Samuel]]"}]},{"title":"1 Samuel 4","children":[{"string":"Book:: [[1 Samuel]]"}]},{"title":"1 Samuel 5","children":[{"string":"Book:: [[1 Samuel]]"}]},{"title":"1 Samuel 6","children":[{"string":"Book:: [[1 Samuel]]"}]},{"title":"1 Samuel 7","children":[{"string":"Book:: [[1 Samuel]]"}]},{"title":"1 Samuel 8","children":[{"string":"Book:: [[1 Samuel]]"}]},{"title":"1 Samuel 9","children":[{"string":"Book:: [[1 Samuel]]"}]},{"title":"1 Samuel 10","children":[{"string":"Book:: [[1 Samuel]]"}]},{"title":"1 Samuel 11","children":[{"string":"Book:: [[1 Samuel]]"}]},{"title":"1 Samuel 12","children":[{"string":"Book:: [[1 Samuel]]"}]},{"title":"1 Samuel 13","children":[{"string":"Book:: [[1 Samuel]]"}]},{"title":"1 Samuel 14","children":[{"string":"Book:: [[1 Samuel]]"}]},{"title":"1 Samuel 15","children":[{"string":"Book:: [[1 Samuel]]"}]},{"title":"1 Samuel 16","children":[{"string":"Book:: [[1 Samuel]]"}]},{"title":"1 Samuel 17","children":[{"string":"Book:: [[1 Samuel]]"}]},{"title":"1 Samuel 18","children":[{"string":"Book:: [[1 Samuel]]"}]},{"title":"1 Samuel 19","children":[{"string":"Book:: [[1 Samuel]]"}]},{"title":"1 Samuel 20","children":[{"string":"Book:: [[1 Samuel]]"}]},{"title":"1 Samuel 21","children":[{"string":"Book:: [[1 Samuel]]"}]},{"title":"1 Samuel 22","children":[{"string":"Book:: [[1 Samuel]]"}]},{"title":"1 Samuel 23","children":[{"string":"Book:: [[1 Samuel]]"}]},{"title":"1 Samuel 24","children":[{"string":"Book:: [[1 Samuel]]"}]},{"title":"1 Samuel 25","children":[{"string":"Book:: [[1 Samuel]]"}]},{"title":"1 Samuel 26","children":[{"string":"Book:: [[1 Samuel]]"}]},{"title":"1 Samuel 27","children":[{"string":"Book:: [[1 Samuel]]"}]},{"title":"1 Samuel 28","children":[{"string":"Book:: [[1 Samuel]]"}]},{"title":"1 Samuel 29","children":[{"string":"Book:: [[1 Samuel]]"}]},{"title":"1 Samuel 30","children":[{"string":"Book:: [[1 Samuel]]"}]},{"title":"1 Samuel 31","children":[{"string":"Book:: [[1 Samuel]]"}]},{"title":"2 Samuel 1","children":[{"string":"Book:: [[2 Samuel]]"}]},{"title":"2 Samuel 2","children":[{"string":"Book:: [[2 Samuel]]"}]},{"title":"2 Samuel 3","children":[{"string":"Book:: [[2 Samuel]]"}]},{"title":"2 Samuel 4","children":[{"string":"Book:: [[2 Samuel]]"}]},{"title":"2 Samuel 5","children":[{"string":"Book:: [[2 Samuel]]"}]},{"title":"2 Samuel 6","children":[{"string":"Book:: [[2 Samuel]]"}]},{"title":"2 Samuel 7","children":[{"string":"Book:: [[2 Samuel]]"}]},{"title":"2 Samuel 8","children":[{"string":"Book:: [[2 Samuel]]"}]},{"title":"2 Samuel 9","children":[{"string":"Book:: [[2 Samuel]]"}]},{"title":"2 Samuel 10","children":[{"string":"Book:: [[2 Samuel]]"}]},{"title":"2 Samuel 11","children":[{"string":"Book:: [[2 Samuel]]"}]},{"title":"2 Samuel 12","children":[{"string":"Book:: [[2 Samuel]]"}]},{"title":"2 Samuel 13","children":[{"string":"Book:: [[2 Samuel]]"}]},{"title":"2 Samuel 14","children":[{"string":"Book:: [[2 Samuel]]"}]},{"title":"2 Samuel 15","children":[{"string":"Book:: [[2 Samuel]]"}]},{"title":"2 Samuel 16","children":[{"string":"Book:: [[2 Samuel]]"}]},{"title":"2 Samuel 17","children":[{"string":"Book:: [[2 Samuel]]"}]},{"title":"2 Samuel 18","children":[{"string":"Book:: [[2 Samuel]]"}]},{"title":"2 Samuel 19","children":[{"string":"Book:: [[2 Samuel]]"}]},{"title":"2 Samuel 20","children":[{"string":"Book:: [[2 Samuel]]"}]},{"title":"2 Samuel 21","children":[{"string":"Book:: [[2 Samuel]]"}]},{"title":"2 Samuel 22","children":[{"string":"Book:: [[2 Samuel]]"}]},{"title":"2 Samuel 23","children":[{"string":"Book:: [[2 Samuel]]"}]},{"title":"2 Samuel 24","children":[{"string":"Book:: [[2 Samuel]]"}]},{"title":"1 Kings 1","children":[{"string":"Book:: [[1 Kings]]"}]},{"title":"1 Kings 2","children":[{"string":"Book:: [[1 Kings]]"}]},{"title":"1 Kings 3","children":[{"string":"Book:: [[1 Kings]]"}]},{"title":"1 Kings 4","children":[{"string":"Book:: [[1 Kings]]"}]},{"title":"1 Kings 5","children":[{"string":"Book:: [[1 Kings]]"}]},{"title":"1 Kings 6","children":[{"string":"Book:: [[1 Kings]]"}]},{"title":"1 Kings 7","children":[{"string":"Book:: [[1 Kings]]"}]},{"title":"1 Kings 8","children":[{"string":"Book:: [[1 Kings]]"}]},{"title":"1 Kings 9","children":[{"string":"Book:: [[1 Kings]]"}]},{"title":"1 Kings 10","children":[{"string":"Book:: [[1 Kings]]"}]},{"title":"1 Kings 11","children":[{"string":"Book:: [[1 Kings]]"}]},{"title":"1 Kings 12","children":[{"string":"Book:: [[1 Kings]]"}]},{"title":"1 Kings 13","children":[{"string":"Book:: [[1 Kings]]"}]},{"title":"1 Kings 14","children":[{"string":"Book:: [[1 Kings]]"}]},{"title":"1 Kings 15","children":[{"string":"Book:: [[1 Kings]]"}]},{"title":"1 Kings 16","children":[{"string":"Book:: [[1 Kings]]"}]},{"title":"1 Kings 17","children":[{"string":"Book:: [[1 Kings]]"}]},{"title":"1 Kings 18","children":[{"string":"Book:: [[1 Kings]]"}]},{"title":"1 Kings 19","children":[{"string":"Book:: [[1 Kings]]"}]},{"title":"1 Kings 20","children":[{"string":"Book:: [[1 Kings]]"}]},{"title":"1 Kings 21","children":[{"string":"Book:: [[1 Kings]]"}]},{"title":"1 Kings 22","children":[{"string":"Book:: [[1 Kings]]"}]},{"title":"2 Kings 1","children":[{"string":"Book:: [[2 Kings]]"}]},{"title":"2 Kings 2","children":[{"string":"Book:: [[2 Kings]]"}]},{"title":"2 Kings 3","children":[{"string":"Book:: [[2 Kings]]"}]},{"title":"2 Kings 4","children":[{"string":"Book:: [[2 Kings]]"}]},{"title":"2 Kings 5","children":[{"string":"Book:: [[2 Kings]]"}]},{"title":"2 Kings 6","children":[{"string":"Book:: [[2 Kings]]"}]},{"title":"2 Kings 7","children":[{"string":"Book:: [[2 Kings]]"}]},{"title":"2 Kings 8","children":[{"string":"Book:: [[2 Kings]]"}]},{"title":"2 Kings 9","children":[{"string":"Book:: [[2 Kings]]"}]},{"title":"2 Kings 10","children":[{"string":"Book:: [[2 Kings]]"}]},{"title":"2 Kings 11","children":[{"string":"Book:: [[2 Kings]]"}]},{"title":"2 Kings 12","children":[{"string":"Book:: [[2 Kings]]"}]},{"title":"2 Kings 13","children":[{"string":"Book:: [[2 Kings]]"}]},{"title":"2 Kings 14","children":[{"string":"Book:: [[2 Kings]]"}]},{"title":"2 Kings 15","children":[{"string":"Book:: [[2 Kings]]"}]},{"title":"2 Kings 16","children":[{"string":"Book:: [[2 Kings]]"}]},{"title":"2 Kings 17","children":[{"string":"Book:: [[2 Kings]]"}]},{"title":"2 Kings 18","children":[{"string":"Book:: [[2 Kings]]"}]},{"title":"2 Kings 19","children":[{"string":"Book:: [[2 Kings]]"}]},{"title":"2 Kings 20","children":[{"string":"Book:: [[2 Kings]]"}]},{"title":"2 Kings 21","children":[{"string":"Book:: [[2 Kings]]"}]},{"title":"2 Kings 22","children":[{"string":"Book:: [[2 Kings]]"}]},{"title":"2 Kings 23","children":[{"string":"Book:: [[2 Kings]]"}]},{"title":"2 Kings 24","children":[{"string":"Book:: [[2 Kings]]"}]},{"title":"2 Kings 25","children":[{"string":"Book:: [[2 Kings]]"}]},{"title":"1 Chronicles 1","children":[{"string":"Book:: [[1 Chronicles]]"}]},{"title":"1 Chronicles 2","children":[{"string":"Book:: [[1 Chronicles]]"}]},{"title":"1 Chronicles 3","children":[{"string":"Book:: [[1 Chronicles]]"}]},{"title":"1 Chronicles 4","children":[{"string":"Book:: [[1 Chronicles]]"}]},{"title":"1 Chronicles 5","children":[{"string":"Book:: [[1 Chronicles]]"}]},{"title":"1 Chronicles 6","children":[{"string":"Book:: [[1 Chronicles]]"}]},{"title":"1 Chronicles 7","children":[{"string":"Book:: [[1 Chronicles]]"}]},{"title":"1 Chronicles 8","children":[{"string":"Book:: [[1 Chronicles]]"}]},{"title":"1 Chronicles 9","children":[{"string":"Book:: [[1 Chronicles]]"}]},{"title":"1 Chronicles 10","children":[{"string":"Book:: [[1 Chronicles]]"}]},{"title":"1 Chronicles 11","children":[{"string":"Book:: [[1 Chronicles]]"}]},{"title":"1 Chronicles 12","children":[{"string":"Book:: [[1 Chronicles]]"}]},{"title":"1 Chronicles 13","children":[{"string":"Book:: [[1 Chronicles]]"}]},{"title":"1 Chronicles 14","children":[{"string":"Book:: [[1 Chronicles]]"}]},{"title":"1 Chronicles 15","children":[{"string":"Book:: [[1 Chronicles]]"}]},{"title":"1 Chronicles 16","children":[{"string":"Book:: [[1 Chronicles]]"}]},{"title":"1 Chronicles 17","children":[{"string":"Book:: [[1 Chronicles]]"}]},{"title":"1 Chronicles 18","children":[{"string":"Book:: [[1 Chronicles]]"}]},{"title":"1 Chronicles 19","children":[{"string":"Book:: [[1 Chronicles]]"}]},{"title":"1 Chronicles 20","children":[{"string":"Book:: [[1 Chronicles]]"}]},{"title":"1 Chronicles 21","children":[{"string":"Book:: [[1 Chronicles]]"}]},{"title":"1 Chronicles 22","children":[{"string":"Book:: [[1 Chronicles]]"}]},{"title":"1 Chronicles 23","children":[{"string":"Book:: [[1 Chronicles]]"}]},{"title":"1 Chronicles 24","children":[{"string":"Book:: [[1 Chronicles]]"}]},{"title":"1 Chronicles 25","children":[{"string":"Book:: [[1 Chronicles]]"}]},{"title":"1 Chronicles 26","children":[{"string":"Book:: [[1 Chronicles]]"}]},{"title":"1 Chronicles 27","children":[{"string":"Book:: [[1 Chronicles]]"}]},{"title":"1 Chronicles 28","children":[{"string":"Book:: [[1 Chronicles]]"}]},{"title":"1 Chronicles 29","children":[{"string":"Book:: [[1 Chronicles]]"}]},{"title":"2 Chronicles 1","children":[{"string":"Book:: [[2 Chronicles]]"}]},{"title":"2 Chronicles 2","children":[{"string":"Book:: [[2 Chronicles]]"}]},{"title":"2 Chronicles 3","children":[{"string":"Book:: [[2 Chronicles]]"}]},{"title":"2 Chronicles 4","children":[{"string":"Book:: [[2 Chronicles]]"}]},{"title":"2 Chronicles 5","children":[{"string":"Book:: [[2 Chronicles]]"}]},{"title":"2 Chronicles 6","children":[{"string":"Book:: [[2 Chronicles]]"}]},{"title":"2 Chronicles 7","children":[{"string":"Book:: [[2 Chronicles]]"}]},{"title":"2 Chronicles 8","children":[{"string":"Book:: [[2 Chronicles]]"}]},{"title":"2 Chronicles 9","children":[{"string":"Book:: [[2 Chronicles]]"}]},{"title":"2 Chronicles 10","children":[{"string":"Book:: [[2 Chronicles]]"}]},{"title":"2 Chronicles 11","children":[{"string":"Book:: [[2 Chronicles]]"}]},{"title":"2 Chronicles 12","children":[{"string":"Book:: [[2 Chronicles]]"}]},{"title":"2 Chronicles 13","children":[{"string":"Book:: [[2 Chronicles]]"}]},{"title":"2 Chronicles 14","children":[{"string":"Book:: [[2 Chronicles]]"}]},{"title":"2 Chronicles 15","children":[{"string":"Book:: [[2 Chronicles]]"}]},{"title":"2 Chronicles 16","children":[{"string":"Book:: [[2 Chronicles]]"}]},{"title":"2 Chronicles 17","children":[{"string":"Book:: [[2 Chronicles]]"}]},{"title":"2 Chronicles 18","children":[{"string":"Book:: [[2 Chronicles]]"}]},{"title":"2 Chronicles 19","children":[{"string":"Book:: [[2 Chronicles]]"}]},{"title":"2 Chronicles 20","children":[{"string":"Book:: [[2 Chronicles]]"}]},{"title":"2 Chronicles 21","children":[{"string":"Book:: [[2 Chronicles]]"}]},{"title":"2 Chronicles 22","children":[{"string":"Book:: [[2 Chronicles]]"}]},{"title":"2 Chronicles 23","children":[{"string":"Book:: [[2 Chronicles]]"}]},{"title":"2 Chronicles 24","children":[{"string":"Book:: [[2 Chronicles]]"}]},{"title":"2 Chronicles 25","children":[{"string":"Book:: [[2 Chronicles]]"}]},{"title":"2 Chronicles 26","children":[{"string":"Book:: [[2 Chronicles]]"}]},{"title":"2 Chronicles 27","children":[{"string":"Book:: [[2 Chronicles]]"}]},{"title":"2 Chronicles 28","children":[{"string":"Book:: [[2 Chronicles]]"}]},{"title":"2 Chronicles 29","children":[{"string":"Book:: [[2 Chronicles]]"}]},{"title":"2 Chronicles 30","children":[{"string":"Book:: [[2 Chronicles]]"}]},{"title":"2 Chronicles 31","children":[{"string":"Book:: [[2 Chronicles]]"}]},{"title":"2 Chronicles 32","children":[{"string":"Book:: [[2 Chronicles]]"}]},{"title":"2 Chronicles 33","children":[{"string":"Book:: [[2 Chronicles]]"}]},{"title":"2 Chronicles 34","children":[{"string":"Book:: [[2 Chronicles]]"}]},{"title":"2 Chronicles 35","children":[{"string":"Book:: [[2 Chronicles]]"}]},{"title":"2 Chronicles 36","children":[{"string":"Book:: [[2 Chronicles]]"}]},{"title":"Ezra 1","children":[{"string":"Book:: [[Ezra]]"}]},{"title":"Ezra 2","children":[{"string":"Book:: [[Ezra]]"}]},{"title":"Ezra 3","children":[{"string":"Book:: [[Ezra]]"}]},{"title":"Ezra 4","children":[{"string":"Book:: [[Ezra]]"}]},{"title":"Ezra 5","children":[{"string":"Book:: [[Ezra]]"}]},{"title":"Ezra 6","children":[{"string":"Book:: [[Ezra]]"}]},{"title":"Ezra 7","children":[{"string":"Book:: [[Ezra]]"}]},{"title":"Ezra 8","children":[{"string":"Book:: [[Ezra]]"}]},{"title":"Ezra 9","children":[{"string":"Book:: [[Ezra]]"}]},{"title":"Ezra 10","children":[{"string":"Book:: [[Ezra]]"}]},{"title":"Nehemiah 1","children":[{"string":"Book:: [[Nehemiah]]"}]},{"title":"Nehemiah 2","children":[{"string":"Book:: [[Nehemiah]]"}]},{"title":"Nehemiah 3","children":[{"string":"Book:: [[Nehemiah]]"}]},{"title":"Nehemiah 4","children":[{"string":"Book:: [[Nehemiah]]"}]},{"title":"Nehemiah 5","children":[{"string":"Book:: [[Nehemiah]]"}]},{"title":"Nehemiah 6","children":[{"string":"Book:: [[Nehemiah]]"}]},{"title":"Nehemiah 7","children":[{"string":"Book:: [[Nehemiah]]"}]},{"title":"Nehemiah 8","children":[{"string":"Book:: [[Nehemiah]]"}]},{"title":"Nehemiah 9","children":[{"string":"Book:: [[Nehemiah]]"}]},{"title":"Nehemiah 10","children":[{"string":"Book:: [[Nehemiah]]"}]},{"title":"Nehemiah 11","children":[{"string":"Book:: [[Nehemiah]]"}]},{"title":"Nehemiah 12","children":[{"string":"Book:: [[Nehemiah]]"}]},{"title":"Nehemiah 13","children":[{"string":"Book:: [[Nehemiah]]"}]},{"title":"Esther 1","children":[{"string":"Book:: [[Esther]]"}]},{"title":"Esther 2","children":[{"string":"Book:: [[Esther]]"}]},{"title":"Esther 3","children":[{"string":"Book:: [[Esther]]"}]},{"title":"Esther 4","children":[{"string":"Book:: [[Esther]]"}]},{"title":"Esther 5","children":[{"string":"Book:: [[Esther]]"}]},{"title":"Esther 6","children":[{"string":"Book:: [[Esther]]"}]},{"title":"Esther 7","children":[{"string":"Book:: [[Esther]]"}]},{"title":"Esther 8","children":[{"string":"Book:: [[Esther]]"}]},{"title":"Esther 9","children":[{"string":"Book:: [[Esther]]"}]},{"title":"Esther 10","children":[{"string":"Book:: [[Esther]]"}]},{"title":"Job 1","children":[{"string":"Book:: [[Job]]"}]},{"title":"Job 2","children":[{"string":"Book:: [[Job]]"}]},{"title":"Job 3","children":[{"string":"Book:: [[Job]]"}]},{"title":"Job 4","children":[{"string":"Book:: [[Job]]"}]},{"title":"Job 5","children":[{"string":"Book:: [[Job]]"}]},{"title":"Job 6","children":[{"string":"Book:: [[Job]]"}]},{"title":"Job 7","children":[{"string":"Book:: [[Job]]"}]},{"title":"Job 8","children":[{"string":"Book:: [[Job]]"}]},{"title":"Job 9","children":[{"string":"Book:: [[Job]]"}]},{"title":"Job 10","children":[{"string":"Book:: [[Job]]"}]},{"title":"Job 11","children":[{"string":"Book:: [[Job]]"}]},{"title":"Job 12","children":[{"string":"Book:: [[Job]]"}]},{"title":"Job 13","children":[{"string":"Book:: [[Job]]"}]},{"title":"Job 14","children":[{"string":"Book:: [[Job]]"}]},{"title":"Job 15","children":[{"string":"Book:: [[Job]]"}]},{"title":"Job 16","children":[{"string":"Book:: [[Job]]"}]},{"title":"Job 17","children":[{"string":"Book:: [[Job]]"}]},{"title":"Job 18","children":[{"string":"Book:: [[Job]]"}]},{"title":"Job 19","children":[{"string":"Book:: [[Job]]"}]},{"title":"Job 20","children":[{"string":"Book:: [[Job]]"}]},{"title":"Job 21","children":[{"string":"Book:: [[Job]]"}]},{"title":"Job 22","children":[{"string":"Book:: [[Job]]"}]},{"title":"Job 23","children":[{"string":"Book:: [[Job]]"}]},{"title":"Job 24","children":[{"string":"Book:: [[Job]]"}]},{"title":"Job 25","children":[{"string":"Book:: [[Job]]"}]},{"title":"Job 26","children":[{"string":"Book:: [[Job]]"}]},{"title":"Job 27","children":[{"string":"Book:: [[Job]]"}]},{"title":"Job 28","children":[{"string":"Book:: [[Job]]"}]},{"title":"Job 29","children":[{"string":"Book:: [[Job]]"}]},{"title":"Job 30","children":[{"string":"Book:: [[Job]]"}]},{"title":"Job 31","children":[{"string":"Book:: [[Job]]"}]},{"title":"Job 32","children":[{"string":"Book:: [[Job]]"}]},{"title":"Job 33","children":[{"string":"Book:: [[Job]]"}]},{"title":"Job 34","children":[{"string":"Book:: [[Job]]"}]},{"title":"Job 35","children":[{"string":"Book:: [[Job]]"}]},{"title":"Job 36","children":[{"string":"Book:: [[Job]]"}]},{"title":"Job 37","children":[{"string":"Book:: [[Job]]"}]},{"title":"Job 38","children":[{"string":"Book:: [[Job]]"}]},{"title":"Job 39","children":[{"string":"Book:: [[Job]]"}]},{"title":"Job 40","children":[{"string":"Book:: [[Job]]"}]},{"title":"Job 41","children":[{"string":"Book:: [[Job]]"}]},{"title":"Job 42","children":[{"string":"Book:: [[Job]]"}]},{"title":"Psalm 1","children":[{"string":"Book:: [[Psalm]]"}]},{"title":"Psalm 2","children":[{"string":"Book:: [[Psalm]]"}]},{"title":"Psalm 3","children":[{"string":"Book:: [[Psalm]]"}]},{"title":"Psalm 4","children":[{"string":"Book:: [[Psalm]]"}]},{"title":"Psalm 5","children":[{"string":"Book:: [[Psalm]]"}]},{"title":"Psalm 6","children":[{"string":"Book:: [[Psalm]]"}]},{"title":"Psalm 7","children":[{"string":"Book:: [[Psalm]]"}]},{"title":"Psalm 8","children":[{"string":"Book:: [[Psalm]]"}]},{"title":"Psalm 9","children":[{"string":"Book:: [[Psalm]]"}]},{"title":"Psalm 10","children":[{"string":"Book:: [[Psalm]]"}]},{"title":"Psalm 11","children":[{"string":"Book:: [[Psalm]]"}]},{"title":"Psalm 12","children":[{"string":"Book:: [[Psalm]]"}]},{"title":"Psalm 13","children":[{"string":"Book:: [[Psalm]]"}]},{"title":"Psalm 14","children":[{"string":"Book:: [[Psalm]]"}]},{"title":"Psalm 15","children":[{"string":"Book:: [[Psalm]]"}]},{"title":"Psalm 16","children":[{"string":"Book:: [[Psalm]]"}]},{"title":"Psalm 17","children":[{"string":"Book:: [[Psalm]]"}]},{"title":"Psalm 18","children":[{"string":"Book:: [[Psalm]]"}]},{"title":"Psalm 19","children":[{"string":"Book:: [[Psalm]]"}]},{"title":"Psalm 20","children":[{"string":"Book:: [[Psalm]]"}]},{"title":"Psalm 21","children":[{"string":"Book:: [[Psalm]]"}]},{"title":"Psalm 22","children":[{"string":"Book:: [[Psalm]]"}]},{"title":"Psalm 23","children":[{"string":"Book:: [[Psalm]]"}]},{"title":"Psalm 24","children":[{"string":"Book:: [[Psalm]]"}]},{"title":"Psalm 25","children":[{"string":"Book:: [[Psalm]]"}]},{"title":"Psalm 26","children":[{"string":"Book:: [[Psalm]]"}]},{"title":"Psalm 27","children":[{"string":"Book:: [[Psalm]]"}]},{"title":"Psalm 28","children":[{"string":"Book:: [[Psalm]]"}]},{"title":"Psalm 29","children":[{"string":"Book:: [[Psalm]]"}]},{"title":"Psalm 30","children":[{"string":"Book:: [[Psalm]]"}]},{"title":"Psalm 31","children":[{"string":"Book:: [[Psalm]]"}]},{"title":"Psalm 32","children":[{"string":"Book:: [[Psalm]]"}]},{"title":"Psalm 33","children":[{"string":"Book:: [[Psalm]]"}]},{"title":"Psalm 34","children":[{"string":"Book:: [[Psalm]]"}]},{"title":"Psalm 35","children":[{"string":"Book:: [[Psalm]]"}]},{"title":"Psalm 36","children":[{"string":"Book:: [[Psalm]]"}]},{"title":"Psalm 37","children":[{"string":"Book:: [[Psalm]]"}]},{"title":"Psalm 38","children":[{"string":"Book:: [[Psalm]]"}]},{"title":"Psalm 39","children":[{"string":"Book:: [[Psalm]]"}]},{"title":"Psalm 40","children":[{"string":"Book:: [[Psalm]]"}]},{"title":"Psalm 41","children":[{"string":"Book:: [[Psalm]]"}]},{"title":"Psalm 42","children":[{"string":"Book:: [[Psalm]]"}]},{"title":"Psalm 43","children":[{"string":"Book:: [[Psalm]]"}]},{"title":"Psalm 44","children":[{"string":"Book:: [[Psalm]]"}]},{"title":"Psalm 45","children":[{"string":"Book:: [[Psalm]]"}]},{"title":"Psalm 46","children":[{"string":"Book:: [[Psalm]]"}]},{"title":"Psalm 47","children":[{"string":"Book:: [[Psalm]]"}]},{"title":"Psalm 48","children":[{"string":"Book:: [[Psalm]]"}]},{"title":"Psalm 49","children":[{"string":"Book:: [[Psalm]]"}]},{"title":"Psalm 50","children":[{"string":"Book:: [[Psalm]]"}]},{"title":"Psalm 51","children":[{"string":"Book:: [[Psalm]]"}]},{"title":"Psalm 52","children":[{"string":"Book:: [[Psalm]]"}]},{"title":"Psalm 53","children":[{"string":"Book:: [[Psalm]]"}]},{"title":"Psalm 54","children":[{"string":"Book:: [[Psalm]]"}]},{"title":"Psalm 55","children":[{"string":"Book:: [[Psalm]]"}]},{"title":"Psalm 56","children":[{"string":"Book:: [[Psalm]]"}]},{"title":"Psalm 57","children":[{"string":"Book:: [[Psalm]]"}]},{"title":"Psalm 58","children":[{"string":"Book:: [[Psalm]]"}]},{"title":"Psalm 59","children":[{"string":"Book:: [[Psalm]]"}]},{"title":"Psalm 60","children":[{"string":"Book:: [[Psalm]]"}]},{"title":"Psalm 61","children":[{"string":"Book:: [[Psalm]]"}]},{"title":"Psalm 62","children":[{"string":"Book:: [[Psalm]]"}]},{"title":"Psalm 63","children":[{"string":"Book:: [[Psalm]]"}]},{"title":"Psalm 64","children":[{"string":"Book:: [[Psalm]]"}]},{"title":"Psalm 65","children":[{"string":"Book:: [[Psalm]]"}]},{"title":"Psalm 66","children":[{"string":"Book:: [[Psalm]]"}]},{"title":"Psalm 67","children":[{"string":"Book:: [[Psalm]]"}]},{"title":"Psalm 68","children":[{"string":"Book:: [[Psalm]]"}]},{"title":"Psalm 69","children":[{"string":"Book:: [[Psalm]]"}]},{"title":"Psalm 70","children":[{"string":"Book:: [[Psalm]]"}]},{"title":"Psalm 71","children":[{"string":"Book:: [[Psalm]]"}]},{"title":"Psalm 72","children":[{"string":"Book:: [[Psalm]]"}]},{"title":"Psalm 73","children":[{"string":"Book:: [[Psalm]]"}]},{"title":"Psalm 74","children":[{"string":"Book:: [[Psalm]]"}]},{"title":"Psalm 75","children":[{"string":"Book:: [[Psalm]]"}]},{"title":"Psalm 76","children":[{"string":"Book:: [[Psalm]]"}]},{"title":"Psalm 77","children":[{"string":"Book:: [[Psalm]]"}]},{"title":"Psalm 78","children":[{"string":"Book:: [[Psalm]]"}]},{"title":"Psalm 79","children":[{"string":"Book:: [[Psalm]]"}]},{"title":"Psalm 80","children":[{"string":"Book:: [[Psalm]]"}]},{"title":"Psalm 81","children":[{"string":"Book:: [[Psalm]]"}]},{"title":"Psalm 82","children":[{"string":"Book:: [[Psalm]]"}]},{"title":"Psalm 83","children":[{"string":"Book:: [[Psalm]]"}]},{"title":"Psalm 84","children":[{"string":"Book:: [[Psalm]]"}]},{"title":"Psalm 85","children":[{"string":"Book:: [[Psalm]]"}]},{"title":"Psalm 86","children":[{"string":"Book:: [[Psalm]]"}]},{"title":"Psalm 87","children":[{"string":"Book:: [[Psalm]]"}]},{"title":"Psalm 88","children":[{"string":"Book:: [[Psalm]]"}]},{"title":"Psalm 89","children":[{"string":"Book:: [[Psalm]]"}]},{"title":"Psalm 90","children":[{"string":"Book:: [[Psalm]]"}]},{"title":"Psalm 91","children":[{"string":"Book:: [[Psalm]]"}]},{"title":"Psalm 92","children":[{"string":"Book:: [[Psalm]]"}]},{"title":"Psalm 93","children":[{"string":"Book:: [[Psalm]]"}]},{"title":"Psalm 94","children":[{"string":"Book:: [[Psalm]]"}]},{"title":"Psalm 95","children":[{"string":"Book:: [[Psalm]]"}]},{"title":"Psalm 96","children":[{"string":"Book:: [[Psalm]]"}]},{"title":"Psalm 97","children":[{"string":"Book:: [[Psalm]]"}]},{"title":"Psalm 98","children":[{"string":"Book:: [[Psalm]]"}]},{"title":"Psalm 99","children":[{"string":"Book:: [[Psalm]]"}]},{"title":"Psalm 100","children":[{"string":"Book:: [[Psalm]]"}]},{"title":"Psalm 101","children":[{"string":"Book:: [[Psalm]]"}]},{"title":"Psalm 102","children":[{"string":"Book:: [[Psalm]]"}]},{"title":"Psalm 103","children":[{"string":"Book:: [[Psalm]]"}]},{"title":"Psalm 104","children":[{"string":"Book:: [[Psalm]]"}]},{"title":"Psalm 105","children":[{"string":"Book:: [[Psalm]]"}]},{"title":"Psalm 106","children":[{"string":"Book:: [[Psalm]]"}]},{"title":"Psalm 107","children":[{"string":"Book:: [[Psalm]]"}]},{"title":"Psalm 108","children":[{"string":"Book:: [[Psalm]]"}]},{"title":"Psalm 109","children":[{"string":"Book:: [[Psalm]]"}]},{"title":"Psalm 110","children":[{"string":"Book:: [[Psalm]]"}]},{"title":"Psalm 111","children":[{"string":"Book:: [[Psalm]]"}]},{"title":"Psalm 112","children":[{"string":"Book:: [[Psalm]]"}]},{"title":"Psalm 113","children":[{"string":"Book:: [[Psalm]]"}]},{"title":"Psalm 114","children":[{"string":"Book:: [[Psalm]]"}]},{"title":"Psalm 115","children":[{"string":"Book:: [[Psalm]]"}]},{"title":"Psalm 116","children":[{"string":"Book:: [[Psalm]]"}]},{"title":"Psalm 117","children":[{"string":"Book:: [[Psalm]]"}]},{"title":"Psalm 118","children":[{"string":"Book:: [[Psalm]]"}]},{"title":"Psalm 119","children":[{"string":"Book:: [[Psalm]]"}]},{"title":"Psalm 120","children":[{"string":"Book:: [[Psalm]]"}]},{"title":"Psalm 121","children":[{"string":"Book:: [[Psalm]]"}]},{"title":"Psalm 122","children":[{"string":"Book:: [[Psalm]]"}]},{"title":"Psalm 123","children":[{"string":"Book:: [[Psalm]]"}]},{"title":"Psalm 124","children":[{"string":"Book:: [[Psalm]]"}]},{"title":"Psalm 125","children":[{"string":"Book:: [[Psalm]]"}]},{"title":"Psalm 126","children":[{"string":"Book:: [[Psalm]]"}]},{"title":"Psalm 127","children":[{"string":"Book:: [[Psalm]]"}]},{"title":"Psalm 128","children":[{"string":"Book:: [[Psalm]]"}]},{"title":"Psalm 129","children":[{"string":"Book:: [[Psalm]]"}]},{"title":"Psalm 130","children":[{"string":"Book:: [[Psalm]]"}]},{"title":"Psalm 131","children":[{"string":"Book:: [[Psalm]]"}]},{"title":"Psalm 132","children":[{"string":"Book:: [[Psalm]]"}]},{"title":"Psalm 133","children":[{"string":"Book:: [[Psalm]]"}]},{"title":"Psalm 134","children":[{"string":"Book:: [[Psalm]]"}]},{"title":"Psalm 135","children":[{"string":"Book:: [[Psalm]]"}]},{"title":"Psalm 136","children":[{"string":"Book:: [[Psalm]]"}]},{"title":"Psalm 137","children":[{"string":"Book:: [[Psalm]]"}]},{"title":"Psalm 138","children":[{"string":"Book:: [[Psalm]]"}]},{"title":"Psalm 139","children":[{"string":"Book:: [[Psalm]]"}]},{"title":"Psalm 140","children":[{"string":"Book:: [[Psalm]]"}]},{"title":"Psalm 141","children":[{"string":"Book:: [[Psalm]]"}]},{"title":"Psalm 142","children":[{"string":"Book:: [[Psalm]]"}]},{"title":"Psalm 143","children":[{"string":"Book:: [[Psalm]]"}]},{"title":"Psalm 144","children":[{"string":"Book:: [[Psalm]]"}]},{"title":"Psalm 145","children":[{"string":"Book:: [[Psalm]]"}]},{"title":"Psalm 146","children":[{"string":"Book:: [[Psalm]]"}]},{"title":"Psalm 147","children":[{"string":"Book:: [[Psalm]]"}]},{"title":"Psalm 148","children":[{"string":"Book:: [[Psalm]]"}]},{"title":"Psalm 149","children":[{"string":"Book:: [[Psalm]]"}]},{"title":"Psalm 150","children":[{"string":"Book:: [[Psalm]]"}]},{"title":"Proverbs 1","children":[{"string":"Book:: [[Proverbs]]"}]},{"title":"Proverbs 2","children":[{"string":"Book:: [[Proverbs]]"}]},{"title":"Proverbs 3","children":[{"string":"Book:: [[Proverbs]]"}]},{"title":"Proverbs 4","children":[{"string":"Book:: [[Proverbs]]"}]},{"title":"Proverbs 5","children":[{"string":"Book:: [[Proverbs]]"}]},{"title":"Proverbs 6","children":[{"string":"Book:: [[Proverbs]]"}]},{"title":"Proverbs 7","children":[{"string":"Book:: [[Proverbs]]"}]},{"title":"Proverbs 8","children":[{"string":"Book:: [[Proverbs]]"}]},{"title":"Proverbs 9","children":[{"string":"Book:: [[Proverbs]]"}]},{"title":"Proverbs 10","children":[{"string":"Book:: [[Proverbs]]"}]},{"title":"Proverbs 11","children":[{"string":"Book:: [[Proverbs]]"}]},{"title":"Proverbs 12","children":[{"string":"Book:: [[Proverbs]]"}]},{"title":"Proverbs 13","children":[{"string":"Book:: [[Proverbs]]"}]},{"title":"Proverbs 14","children":[{"string":"Book:: [[Proverbs]]"}]},{"title":"Proverbs 15","children":[{"string":"Book:: [[Proverbs]]"}]},{"title":"Proverbs 16","children":[{"string":"Book:: [[Proverbs]]"}]},{"title":"Proverbs 17","children":[{"string":"Book:: [[Proverbs]]"}]},{"title":"Proverbs 18","children":[{"string":"Book:: [[Proverbs]]"}]},{"title":"Proverbs 19","children":[{"string":"Book:: [[Proverbs]]"}]},{"title":"Proverbs 20","children":[{"string":"Book:: [[Proverbs]]"}]},{"title":"Proverbs 21","children":[{"string":"Book:: [[Proverbs]]"}]},{"title":"Proverbs 22","children":[{"string":"Book:: [[Proverbs]]"}]},{"title":"Proverbs 23","children":[{"string":"Book:: [[Proverbs]]"}]},{"title":"Proverbs 24","children":[{"string":"Book:: [[Proverbs]]"}]},{"title":"Proverbs 25","children":[{"string":"Book:: [[Proverbs]]"}]},{"title":"Proverbs 26","children":[{"string":"Book:: [[Proverbs]]"}]},{"title":"Proverbs 27","children":[{"string":"Book:: [[Proverbs]]"}]},{"title":"Proverbs 28","children":[{"string":"Book:: [[Proverbs]]"}]},{"title":"Proverbs 29","children":[{"string":"Book:: [[Proverbs]]"}]},{"title":"Proverbs 30","children":[{"string":"Book:: [[Proverbs]]"}]},{"title":"Proverbs 31","children":[{"string":"Book:: [[Proverbs]]"}]},{"title":"Ecclesiastes 1","children":[{"string":"Book:: [[Ecclesiastes]]"}]},{"title":"Ecclesiastes 2","children":[{"string":"Book:: [[Ecclesiastes]]"}]},{"title":"Ecclesiastes 3","children":[{"string":"Book:: [[Ecclesiastes]]"}]},{"title":"Ecclesiastes 4","children":[{"string":"Book:: [[Ecclesiastes]]"}]},{"title":"Ecclesiastes 5","children":[{"string":"Book:: [[Ecclesiastes]]"}]},{"title":"Ecclesiastes 6","children":[{"string":"Book:: [[Ecclesiastes]]"}]},{"title":"Ecclesiastes 7","children":[{"string":"Book:: [[Ecclesiastes]]"}]},{"title":"Ecclesiastes 8","children":[{"string":"Book:: [[Ecclesiastes]]"}]},{"title":"Ecclesiastes 9","children":[{"string":"Book:: [[Ecclesiastes]]"}]},{"title":"Ecclesiastes 10","children":[{"string":"Book:: [[Ecclesiastes]]"}]},{"title":"Ecclesiastes 11","children":[{"string":"Book:: [[Ecclesiastes]]"}]},{"title":"Ecclesiastes 12","children":[{"string":"Book:: [[Ecclesiastes]]"}]},{"title":"Song of Solomon 1","children":[{"string":"Book:: [[Song of Solomon]]"}]},{"title":"Song of Solomon 2","children":[{"string":"Book:: [[Song of Solomon]]"}]},{"title":"Song of Solomon 3","children":[{"string":"Book:: [[Song of Solomon]]"}]},{"title":"Song of Solomon 4","children":[{"string":"Book:: [[Song of Solomon]]"}]},{"title":"Song of Solomon 5","children":[{"string":"Book:: [[Song of Solomon]]"}]},{"title":"Song of Solomon 6","children":[{"string":"Book:: [[Song of Solomon]]"}]},{"title":"Song of Solomon 7","children":[{"string":"Book:: [[Song of Solomon]]"}]},{"title":"Song of Solomon 8","children":[{"string":"Book:: [[Song of Solomon]]"}]},{"title":"Isaiah 1","children":[{"string":"Book:: [[Isaiah]]"}]},{"title":"Isaiah 2","children":[{"string":"Book:: [[Isaiah]]"}]},{"title":"Isaiah 3","children":[{"string":"Book:: [[Isaiah]]"}]},{"title":"Isaiah 4","children":[{"string":"Book:: [[Isaiah]]"}]},{"title":"Isaiah 5","children":[{"string":"Book:: [[Isaiah]]"}]},{"title":"Isaiah 6","children":[{"string":"Book:: [[Isaiah]]"}]},{"title":"Isaiah 7","children":[{"string":"Book:: [[Isaiah]]"}]},{"title":"Isaiah 8","children":[{"string":"Book:: [[Isaiah]]"}]},{"title":"Isaiah 9","children":[{"string":"Book:: [[Isaiah]]"}]},{"title":"Isaiah 10","children":[{"string":"Book:: [[Isaiah]]"}]},{"title":"Isaiah 11","children":[{"string":"Book:: [[Isaiah]]"}]},{"title":"Isaiah 12","children":[{"string":"Book:: [[Isaiah]]"}]},{"title":"Isaiah 13","children":[{"string":"Book:: [[Isaiah]]"}]},{"title":"Isaiah 14","children":[{"string":"Book:: [[Isaiah]]"}]},{"title":"Isaiah 15","children":[{"string":"Book:: [[Isaiah]]"}]},{"title":"Isaiah 16","children":[{"string":"Book:: [[Isaiah]]"}]},{"title":"Isaiah 17","children":[{"string":"Book:: [[Isaiah]]"}]},{"title":"Isaiah 18","children":[{"string":"Book:: [[Isaiah]]"}]},{"title":"Isaiah 19","children":[{"string":"Book:: [[Isaiah]]"}]},{"title":"Isaiah 20","children":[{"string":"Book:: [[Isaiah]]"}]},{"title":"Isaiah 21","children":[{"string":"Book:: [[Isaiah]]"}]},{"title":"Isaiah 22","children":[{"string":"Book:: [[Isaiah]]"}]},{"title":"Isaiah 23","children":[{"string":"Book:: [[Isaiah]]"}]},{"title":"Isaiah 24","children":[{"string":"Book:: [[Isaiah]]"}]},{"title":"Isaiah 25","children":[{"string":"Book:: [[Isaiah]]"}]},{"title":"Isaiah 26","children":[{"string":"Book:: [[Isaiah]]"}]},{"title":"Isaiah 27","children":[{"string":"Book:: [[Isaiah]]"}]},{"title":"Isaiah 28","children":[{"string":"Book:: [[Isaiah]]"}]},{"title":"Isaiah 29","children":[{"string":"Book:: [[Isaiah]]"}]},{"title":"Isaiah 30","children":[{"string":"Book:: [[Isaiah]]"}]},{"title":"Isaiah 31","children":[{"string":"Book:: [[Isaiah]]"}]},{"title":"Isaiah 32","children":[{"string":"Book:: [[Isaiah]]"}]},{"title":"Isaiah 33","children":[{"string":"Book:: [[Isaiah]]"}]},{"title":"Isaiah 34","children":[{"string":"Book:: [[Isaiah]]"}]},{"title":"Isaiah 35","children":[{"string":"Book:: [[Isaiah]]"}]},{"title":"Isaiah 36","children":[{"string":"Book:: [[Isaiah]]"}]},{"title":"Isaiah 37","children":[{"string":"Book:: [[Isaiah]]"}]},{"title":"Isaiah 38","children":[{"string":"Book:: [[Isaiah]]"}]},{"title":"Isaiah 39","children":[{"string":"Book:: [[Isaiah]]"}]},{"title":"Isaiah 40","children":[{"string":"Book:: [[Isaiah]]"}]},{"title":"Isaiah 41","children":[{"string":"Book:: [[Isaiah]]"}]},{"title":"Isaiah 42","children":[{"string":"Book:: [[Isaiah]]"}]},{"title":"Isaiah 43","children":[{"string":"Book:: [[Isaiah]]"}]},{"title":"Isaiah 44","children":[{"string":"Book:: [[Isaiah]]"}]},{"title":"Isaiah 45","children":[{"string":"Book:: [[Isaiah]]"}]},{"title":"Isaiah 46","children":[{"string":"Book:: [[Isaiah]]"}]},{"title":"Isaiah 47","children":[{"string":"Book:: [[Isaiah]]"}]},{"title":"Isaiah 48","children":[{"string":"Book:: [[Isaiah]]"}]},{"title":"Isaiah 49","children":[{"string":"Book:: [[Isaiah]]"}]},{"title":"Isaiah 50","children":[{"string":"Book:: [[Isaiah]]"}]},{"title":"Isaiah 51","children":[{"string":"Book:: [[Isaiah]]"}]},{"title":"Isaiah 52","children":[{"string":"Book:: [[Isaiah]]"}]},{"title":"Isaiah 53","children":[{"string":"Book:: [[Isaiah]]"}]},{"title":"Isaiah 54","children":[{"string":"Book:: [[Isaiah]]"}]},{"title":"Isaiah 55","children":[{"string":"Book:: [[Isaiah]]"}]},{"title":"Isaiah 56","children":[{"string":"Book:: [[Isaiah]]"}]},{"title":"Isaiah 57","children":[{"string":"Book:: [[Isaiah]]"}]},{"title":"Isaiah 58","children":[{"string":"Book:: [[Isaiah]]"}]},{"title":"Isaiah 59","children":[{"string":"Book:: [[Isaiah]]"}]},{"title":"Isaiah 60","children":[{"string":"Book:: [[Isaiah]]"}]},{"title":"Isaiah 61","children":[{"string":"Book:: [[Isaiah]]"}]},{"title":"Isaiah 62","children":[{"string":"Book:: [[Isaiah]]"}]},{"title":"Isaiah 63","children":[{"string":"Book:: [[Isaiah]]"}]},{"title":"Isaiah 64","children":[{"string":"Book:: [[Isaiah]]"}]},{"title":"Isaiah 65","children":[{"string":"Book:: [[Isaiah]]"}]},{"title":"Isaiah 66","children":[{"string":"Book:: [[Isaiah]]"}]},{"title":"Jeremiah 1","children":[{"string":"Book:: [[Jeremiah]]"}]},{"title":"Jeremiah 2","children":[{"string":"Book:: [[Jeremiah]]"}]},{"title":"Jeremiah 3","children":[{"string":"Book:: [[Jeremiah]]"}]},{"title":"Jeremiah 4","children":[{"string":"Book:: [[Jeremiah]]"}]},{"title":"Jeremiah 5","children":[{"string":"Book:: [[Jeremiah]]"}]},{"title":"Jeremiah 6","children":[{"string":"Book:: [[Jeremiah]]"}]},{"title":"Jeremiah 7","children":[{"string":"Book:: [[Jeremiah]]"}]},{"title":"Jeremiah 8","children":[{"string":"Book:: [[Jeremiah]]"}]},{"title":"Jeremiah 9","children":[{"string":"Book:: [[Jeremiah]]"}]},{"title":"Jeremiah 10","children":[{"string":"Book:: [[Jeremiah]]"}]},{"title":"Jeremiah 11","children":[{"string":"Book:: [[Jeremiah]]"}]},{"title":"Jeremiah 12","children":[{"string":"Book:: [[Jeremiah]]"}]},{"title":"Jeremiah 13","children":[{"string":"Book:: [[Jeremiah]]"}]},{"title":"Jeremiah 14","children":[{"string":"Book:: [[Jeremiah]]"}]},{"title":"Jeremiah 15","children":[{"string":"Book:: [[Jeremiah]]"}]},{"title":"Jeremiah 16","children":[{"string":"Book:: [[Jeremiah]]"}]},{"title":"Jeremiah 17","children":[{"string":"Book:: [[Jeremiah]]"}]},{"title":"Jeremiah 18","children":[{"string":"Book:: [[Jeremiah]]"}]},{"title":"Jeremiah 19","children":[{"string":"Book:: [[Jeremiah]]"}]},{"title":"Jeremiah 20","children":[{"string":"Book:: [[Jeremiah]]"}]},{"title":"Jeremiah 21","children":[{"string":"Book:: [[Jeremiah]]"}]},{"title":"Jeremiah 22","children":[{"string":"Book:: [[Jeremiah]]"}]},{"title":"Jeremiah 23","children":[{"string":"Book:: [[Jeremiah]]"}]},{"title":"Jeremiah 24","children":[{"string":"Book:: [[Jeremiah]]"}]},{"title":"Jeremiah 25","children":[{"string":"Book:: [[Jeremiah]]"}]},{"title":"Jeremiah 26","children":[{"string":"Book:: [[Jeremiah]]"}]},{"title":"Jeremiah 27","children":[{"string":"Book:: [[Jeremiah]]"}]},{"title":"Jeremiah 28","children":[{"string":"Book:: [[Jeremiah]]"}]},{"title":"Jeremiah 29","children":[{"string":"Book:: [[Jeremiah]]"}]},{"title":"Jeremiah 30","children":[{"string":"Book:: [[Jeremiah]]"}]},{"title":"Jeremiah 31","children":[{"string":"Book:: [[Jeremiah]]"}]},{"title":"Jeremiah 32","children":[{"string":"Book:: [[Jeremiah]]"}]},{"title":"Jeremiah 33","children":[{"string":"Book:: [[Jeremiah]]"}]},{"title":"Jeremiah 34","children":[{"string":"Book:: [[Jeremiah]]"}]},{"title":"Jeremiah 35","children":[{"string":"Book:: [[Jeremiah]]"}]},{"title":"Jeremiah 36","children":[{"string":"Book:: [[Jeremiah]]"}]},{"title":"Jeremiah 37","children":[{"string":"Book:: [[Jeremiah]]"}]},{"title":"Jeremiah 38","children":[{"string":"Book:: [[Jeremiah]]"}]},{"title":"Jeremiah 39","children":[{"string":"Book:: [[Jeremiah]]"}]},{"title":"Jeremiah 40","children":[{"string":"Book:: [[Jeremiah]]"}]},{"title":"Jeremiah 41","children":[{"string":"Book:: [[Jeremiah]]"}]},{"title":"Jeremiah 42","children":[{"string":"Book:: [[Jeremiah]]"}]},{"title":"Jeremiah 43","children":[{"string":"Book:: [[Jeremiah]]"}]},{"title":"Jeremiah 44","children":[{"string":"Book:: [[Jeremiah]]"}]},{"title":"Jeremiah 45","children":[{"string":"Book:: [[Jeremiah]]"}]},{"title":"Jeremiah 46","children":[{"string":"Book:: [[Jeremiah]]"}]},{"title":"Jeremiah 47","children":[{"string":"Book:: [[Jeremiah]]"}]},{"title":"Jeremiah 48","children":[{"string":"Book:: [[Jeremiah]]"}]},{"title":"Jeremiah 49","children":[{"string":"Book:: [[Jeremiah]]"}]},{"title":"Jeremiah 50","children":[{"string":"Book:: [[Jeremiah]]"}]},{"title":"Jeremiah 51","children":[{"string":"Book:: [[Jeremiah]]"}]},{"title":"Jeremiah 52","children":[{"string":"Book:: [[Jeremiah]]"}]},{"title":"Lamentations 1","children":[{"string":"Book:: [[Lamentations]]"}]},{"title":"Lamentations 2","children":[{"string":"Book:: [[Lamentations]]"}]},{"title":"Lamentations 3","children":[{"string":"Book:: [[Lamentations]]"}]},{"title":"Lamentations 4","children":[{"string":"Book:: [[Lamentations]]"}]},{"title":"Lamentations 5","children":[{"string":"Book:: [[Lamentations]]"}]},{"title":"Ezekiel 1","children":[{"string":"Book:: [[Ezekiel]]"}]},{"title":"Ezekiel 2","children":[{"string":"Book:: [[Ezekiel]]"}]},{"title":"Ezekiel 3","children":[{"string":"Book:: [[Ezekiel]]"}]},{"title":"Ezekiel 4","children":[{"string":"Book:: [[Ezekiel]]"}]},{"title":"Ezekiel 5","children":[{"string":"Book:: [[Ezekiel]]"}]},{"title":"Ezekiel 6","children":[{"string":"Book:: [[Ezekiel]]"}]},{"title":"Ezekiel 7","children":[{"string":"Book:: [[Ezekiel]]"}]},{"title":"Ezekiel 8","children":[{"string":"Book:: [[Ezekiel]]"}]},{"title":"Ezekiel 9","children":[{"string":"Book:: [[Ezekiel]]"}]},{"title":"Ezekiel 10","children":[{"string":"Book:: [[Ezekiel]]"}]},{"title":"Ezekiel 11","children":[{"string":"Book:: [[Ezekiel]]"}]},{"title":"Ezekiel 12","children":[{"string":"Book:: [[Ezekiel]]"}]},{"title":"Ezekiel 13","children":[{"string":"Book:: [[Ezekiel]]"}]},{"title":"Ezekiel 14","children":[{"string":"Book:: [[Ezekiel]]"}]},{"title":"Ezekiel 15","children":[{"string":"Book:: [[Ezekiel]]"}]},{"title":"Ezekiel 16","children":[{"string":"Book:: [[Ezekiel]]"}]},{"title":"Ezekiel 17","children":[{"string":"Book:: [[Ezekiel]]"}]},{"title":"Ezekiel 18","children":[{"string":"Book:: [[Ezekiel]]"}]},{"title":"Ezekiel 19","children":[{"string":"Book:: [[Ezekiel]]"}]},{"title":"Ezekiel 20","children":[{"string":"Book:: [[Ezekiel]]"}]},{"title":"Ezekiel 21","children":[{"string":"Book:: [[Ezekiel]]"}]},{"title":"Ezekiel 22","children":[{"string":"Book:: [[Ezekiel]]"}]},{"title":"Ezekiel 23","children":[{"string":"Book:: [[Ezekiel]]"}]},{"title":"Ezekiel 24","children":[{"string":"Book:: [[Ezekiel]]"}]},{"title":"Ezekiel 25","children":[{"string":"Book:: [[Ezekiel]]"}]},{"title":"Ezekiel 26","children":[{"string":"Book:: [[Ezekiel]]"}]},{"title":"Ezekiel 27","children":[{"string":"Book:: [[Ezekiel]]"}]},{"title":"Ezekiel 28","children":[{"string":"Book:: [[Ezekiel]]"}]},{"title":"Ezekiel 29","children":[{"string":"Book:: [[Ezekiel]]"}]},{"title":"Ezekiel 30","children":[{"string":"Book:: [[Ezekiel]]"}]},{"title":"Ezekiel 31","children":[{"string":"Book:: [[Ezekiel]]"}]},{"title":"Ezekiel 32","children":[{"string":"Book:: [[Ezekiel]]"}]},{"title":"Ezekiel 33","children":[{"string":"Book:: [[Ezekiel]]"}]},{"title":"Ezekiel 34","children":[{"string":"Book:: [[Ezekiel]]"}]},{"title":"Ezekiel 35","children":[{"string":"Book:: [[Ezekiel]]"}]},{"title":"Ezekiel 36","children":[{"string":"Book:: [[Ezekiel]]"}]},{"title":"Ezekiel 37","children":[{"string":"Book:: [[Ezekiel]]"}]},{"title":"Ezekiel 38","children":[{"string":"Book:: [[Ezekiel]]"}]},{"title":"Ezekiel 39","children":[{"string":"Book:: [[Ezekiel]]"}]},{"title":"Ezekiel 40","children":[{"string":"Book:: [[Ezekiel]]"}]},{"title":"Ezekiel 41","children":[{"string":"Book:: [[Ezekiel]]"}]},{"title":"Ezekiel 42","children":[{"string":"Book:: [[Ezekiel]]"}]},{"title":"Ezekiel 43","children":[{"string":"Book:: [[Ezekiel]]"}]},{"title":"Ezekiel 44","children":[{"string":"Book:: [[Ezekiel]]"}]},{"title":"Ezekiel 45","children":[{"string":"Book:: [[Ezekiel]]"}]},{"title":"Ezekiel 46","children":[{"string":"Book:: [[Ezekiel]]"}]},{"title":"Ezekiel 47","children":[{"string":"Book:: [[Ezekiel]]"}]},{"title":"Ezekiel 48","children":[{"string":"Book:: [[Ezekiel]]"}]},{"title":"Daniel 1","children":[{"string":"Book:: [[Daniel]]"}]},{"title":"Daniel 2","children":[{"string":"Book:: [[Daniel]]"}]},{"title":"Daniel 3","children":[{"string":"Book:: [[Daniel]]"}]},{"title":"Daniel 4","children":[{"string":"Book:: [[Daniel]]"}]},{"title":"Daniel 5","children":[{"string":"Book:: [[Daniel]]"}]},{"title":"Daniel 6","children":[{"string":"Book:: [[Daniel]]"}]},{"title":"Daniel 7","children":[{"string":"Book:: [[Daniel]]"}]},{"title":"Daniel 8","children":[{"string":"Book:: [[Daniel]]"}]},{"title":"Daniel 9","children":[{"string":"Book:: [[Daniel]]"}]},{"title":"Daniel 10","children":[{"string":"Book:: [[Daniel]]"}]},{"title":"Daniel 11","children":[{"string":"Book:: [[Daniel]]"}]},{"title":"Daniel 12","children":[{"string":"Book:: [[Daniel]]"}]},{"title":"Hosea 1","children":[{"string":"Book:: [[Hosea]]"}]},{"title":"Hosea 2","children":[{"string":"Book:: [[Hosea]]"}]},{"title":"Hosea 3","children":[{"string":"Book:: [[Hosea]]"}]},{"title":"Hosea 4","children":[{"string":"Book:: [[Hosea]]"}]},{"title":"Hosea 5","children":[{"string":"Book:: [[Hosea]]"}]},{"title":"Hosea 6","children":[{"string":"Book:: [[Hosea]]"}]},{"title":"Hosea 7","children":[{"string":"Book:: [[Hosea]]"}]},{"title":"Hosea 8","children":[{"string":"Book:: [[Hosea]]"}]},{"title":"Hosea 9","children":[{"string":"Book:: [[Hosea]]"}]},{"title":"Hosea 10","children":[{"string":"Book:: [[Hosea]]"}]},{"title":"Hosea 11","children":[{"string":"Book:: [[Hosea]]"}]},{"title":"Hosea 12","children":[{"string":"Book:: [[Hosea]]"}]},{"title":"Hosea 13","children":[{"string":"Book:: [[Hosea]]"}]},{"title":"Hosea 14","children":[{"string":"Book:: [[Hosea]]"}]},{"title":"Joel 1","children":[{"string":"Book:: [[Joel]]"}]},{"title":"Joel 2","children":[{"string":"Book:: [[Joel]]"}]},{"title":"Joel 3","children":[{"string":"Book:: [[Joel]]"}]},{"title":"Amos 1","children":[{"string":"Book:: [[Amos]]"}]},{"title":"Amos 2","children":[{"string":"Book:: [[Amos]]"}]},{"title":"Amos 3","children":[{"string":"Book:: [[Amos]]"}]},{"title":"Amos 4","children":[{"string":"Book:: [[Amos]]"}]},{"title":"Amos 5","children":[{"string":"Book:: [[Amos]]"}]},{"title":"Amos 6","children":[{"string":"Book:: [[Amos]]"}]},{"title":"Amos 7","children":[{"string":"Book:: [[Amos]]"}]},{"title":"Amos 8","children":[{"string":"Book:: [[Amos]]"}]},{"title":"Amos 9","children":[{"string":"Book:: [[Amos]]"}]},{"title":"Obadiah 1","children":[{"string":"Book:: [[Obadiah]]"}]},{"title":"Jonah 1","children":[{"string":"Book:: [[Jonah]]"}]},{"title":"Jonah 2","children":[{"string":"Book:: [[Jonah]]"}]},{"title":"Jonah 3","children":[{"string":"Book:: [[Jonah]]"}]},{"title":"Jonah 4","children":[{"string":"Book:: [[Jonah]]"}]},{"title":"Micah 1","children":[{"string":"Book:: [[Micah]]"}]},{"title":"Micah 2","children":[{"string":"Book:: [[Micah]]"}]},{"title":"Micah 3","children":[{"string":"Book:: [[Micah]]"}]},{"title":"Micah 4","children":[{"string":"Book:: [[Micah]]"}]},{"title":"Micah 5","children":[{"string":"Book:: [[Micah]]"}]},{"title":"Micah 6","children":[{"string":"Book:: [[Micah]]"}]},{"title":"Micah 7","children":[{"string":"Book:: [[Micah]]"}]},{"title":"Nahum 1","children":[{"string":"Book:: [[Nahum]]"}]},{"title":"Nahum 2","children":[{"string":"Book:: [[Nahum]]"}]},{"title":"Nahum 3","children":[{"string":"Book:: [[Nahum]]"}]},{"title":"Habakkuk 1","children":[{"string":"Book:: [[Habakkuk]]"}]},{"title":"Habakkuk 2","children":[{"string":"Book:: [[Habakkuk]]"}]},{"title":"Habakkuk 3","children":[{"string":"Book:: [[Habakkuk]]"}]},{"title":"Zephaniah 1","children":[{"string":"Book:: [[Zephaniah]]"}]},{"title":"Zephaniah 2","children":[{"string":"Book:: [[Zephaniah]]"}]},{"title":"Zephaniah 3","children":[{"string":"Book:: [[Zephaniah]]"}]},{"title":"Haggai 1","children":[{"string":"Book:: [[Haggai]]"}]},{"title":"Haggai 2","children":[{"string":"Book:: [[Haggai]]"}]},{"title":"Zechariah 1","children":[{"string":"Book:: [[Zechariah]]"}]},{"title":"Zechariah 2","children":[{"string":"Book:: [[Zechariah]]"}]},{"title":"Zechariah 3","children":[{"string":"Book:: [[Zechariah]]"}]},{"title":"Zechariah 4","children":[{"string":"Book:: [[Zechariah]]"}]},{"title":"Zechariah 5","children":[{"string":"Book:: [[Zechariah]]"}]},{"title":"Zechariah 6","children":[{"string":"Book:: [[Zechariah]]"}]},{"title":"Zechariah 7","children":[{"string":"Book:: [[Zechariah]]"}]},{"title":"Zechariah 8","children":[{"string":"Book:: [[Zechariah]]"}]},{"title":"Zechariah 9","children":[{"string":"Book:: [[Zechariah]]"}]},{"title":"Zechariah 10","children":[{"string":"Book:: [[Zechariah]]"}]},{"title":"Zechariah 11","children":[{"string":"Book:: [[Zechariah]]"}]},{"title":"Zechariah 12","children":[{"string":"Book:: [[Zechariah]]"}]},{"title":"Zechariah 13","children":[{"string":"Book:: [[Zechariah]]"}]},{"title":"Zechariah 14","children":[{"string":"Book:: [[Zechariah]]"}]},{"title":"Malachi 1","children":[{"string":"Book:: [[Malachi]]"}]},{"title":"Malachi 2","children":[{"string":"Book:: [[Malachi]]"}]},{"title":"Malachi 3","children":[{"string":"Book:: [[Malachi]]"}]},{"title":"Malachi 4","children":[{"string":"Book:: [[Malachi]]"}]},{"title":"Matthew 1","children":[{"string":"Book:: [[Matthew]]"}]},{"title":"Matthew 2","children":[{"string":"Book:: [[Matthew]]"}]},{"title":"Matthew 3","children":[{"string":"Book:: [[Matthew]]"}]},{"title":"Matthew 4","children":[{"string":"Book:: [[Matthew]]"}]},{"title":"Matthew 5","children":[{"string":"Book:: [[Matthew]]"}]},{"title":"Matthew 6","children":[{"string":"Book:: [[Matthew]]"}]},{"title":"Matthew 7","children":[{"string":"Book:: [[Matthew]]"}]},{"title":"Matthew 8","children":[{"string":"Book:: [[Matthew]]"}]},{"title":"Matthew 9","children":[{"string":"Book:: [[Matthew]]"}]},{"title":"Matthew 10","children":[{"string":"Book:: [[Matthew]]"}]},{"title":"Matthew 11","children":[{"string":"Book:: [[Matthew]]"}]},{"title":"Matthew 12","children":[{"string":"Book:: [[Matthew]]"}]},{"title":"Matthew 13","children":[{"string":"Book:: [[Matthew]]"}]},{"title":"Matthew 14","children":[{"string":"Book:: [[Matthew]]"}]},{"title":"Matthew 15","children":[{"string":"Book:: [[Matthew]]"}]},{"title":"Matthew 16","children":[{"string":"Book:: [[Matthew]]"}]},{"title":"Matthew 17","children":[{"string":"Book:: [[Matthew]]"}]},{"title":"Matthew 18","children":[{"string":"Book:: [[Matthew]]"}]},{"title":"Matthew 19","children":[{"string":"Book:: [[Matthew]]"}]},{"title":"Matthew 20","children":[{"string":"Book:: [[Matthew]]"}]},{"title":"Matthew 21","children":[{"string":"Book:: [[Matthew]]"}]},{"title":"Matthew 22","children":[{"string":"Book:: [[Matthew]]"}]},{"title":"Matthew 23","children":[{"string":"Book:: [[Matthew]]"}]},{"title":"Matthew 24","children":[{"string":"Book:: [[Matthew]]"}]},{"title":"Matthew 25","children":[{"string":"Book:: [[Matthew]]"}]},{"title":"Matthew 26","children":[{"string":"Book:: [[Matthew]]"}]},{"title":"Matthew 27","children":[{"string":"Book:: [[Matthew]]"}]},{"title":"Matthew 28","children":[{"string":"Book:: [[Matthew]]"}]},{"title":"Mark 1","children":[{"string":"Book:: [[Mark]]"}]},{"title":"Mark 2","children":[{"string":"Book:: [[Mark]]"}]},{"title":"Mark 3","children":[{"string":"Book:: [[Mark]]"}]},{"title":"Mark 4","children":[{"string":"Book:: [[Mark]]"}]},{"title":"Mark 5","children":[{"string":"Book:: [[Mark]]"}]},{"title":"Mark 6","children":[{"string":"Book:: [[Mark]]"}]},{"title":"Mark 7","children":[{"string":"Book:: [[Mark]]"}]},{"title":"Mark 8","children":[{"string":"Book:: [[Mark]]"}]},{"title":"Mark 9","children":[{"string":"Book:: [[Mark]]"}]},{"title":"Mark 10","children":[{"string":"Book:: [[Mark]]"}]},{"title":"Mark 11","children":[{"string":"Book:: [[Mark]]"}]},{"title":"Mark 12","children":[{"string":"Book:: [[Mark]]"}]},{"title":"Mark 13","children":[{"string":"Book:: [[Mark]]"}]},{"title":"Mark 14","children":[{"string":"Book:: [[Mark]]"}]},{"title":"Mark 15","children":[{"string":"Book:: [[Mark]]"}]},{"title":"Mark 16","children":[{"string":"Book:: [[Mark]]"}]},{"title":"Luke 1","children":[{"string":"Book:: [[Luke]]"}]},{"title":"Luke 2","children":[{"string":"Book:: [[Luke]]"}]},{"title":"Luke 3","children":[{"string":"Book:: [[Luke]]"}]},{"title":"Luke 4","children":[{"string":"Book:: [[Luke]]"}]},{"title":"Luke 5","children":[{"string":"Book:: [[Luke]]"}]},{"title":"Luke 6","children":[{"string":"Book:: [[Luke]]"}]},{"title":"Luke 7","children":[{"string":"Book:: [[Luke]]"}]},{"title":"Luke 8","children":[{"string":"Book:: [[Luke]]"}]},{"title":"Luke 9","children":[{"string":"Book:: [[Luke]]"}]},{"title":"Luke 10","children":[{"string":"Book:: [[Luke]]"}]},{"title":"Luke 11","children":[{"string":"Book:: [[Luke]]"}]},{"title":"Luke 12","children":[{"string":"Book:: [[Luke]]"}]},{"title":"Luke 13","children":[{"string":"Book:: [[Luke]]"}]},{"title":"Luke 14","children":[{"string":"Book:: [[Luke]]"}]},{"title":"Luke 15","children":[{"string":"Book:: [[Luke]]"}]},{"title":"Luke 16","children":[{"string":"Book:: [[Luke]]"}]},{"title":"Luke 17","children":[{"string":"Book:: [[Luke]]"}]},{"title":"Luke 18","children":[{"string":"Book:: [[Luke]]"}]},{"title":"Luke 19","children":[{"string":"Book:: [[Luke]]"}]},{"title":"Luke 20","children":[{"string":"Book:: [[Luke]]"}]},{"title":"Luke 21","children":[{"string":"Book:: [[Luke]]"}]},{"title":"Luke 22","children":[{"string":"Book:: [[Luke]]"}]},{"title":"Luke 23","children":[{"string":"Book:: [[Luke]]"}]},{"title":"Luke 24","children":[{"string":"Book:: [[Luke]]"}]},{"title":"John 1","children":[{"string":"Book:: [[John]]"}]},{"title":"John 2","children":[{"string":"Book:: [[John]]"}]},{"title":"John 3","children":[{"string":"Book:: [[John]]"}]},{"title":"John 4","children":[{"string":"Book:: [[John]]"}]},{"title":"John 5","children":[{"string":"Book:: [[John]]"}]},{"title":"John 6","children":[{"string":"Book:: [[John]]"}]},{"title":"John 7","children":[{"string":"Book:: [[John]]"}]},{"title":"John 8","children":[{"string":"Book:: [[John]]"}]},{"title":"John 9","children":[{"string":"Book:: [[John]]"}]},{"title":"John 10","children":[{"string":"Book:: [[John]]"}]},{"title":"John 11","children":[{"string":"Book:: [[John]]"}]},{"title":"John 12","children":[{"string":"Book:: [[John]]"}]},{"title":"John 13","children":[{"string":"Book:: [[John]]"}]},{"title":"John 14","children":[{"string":"Book:: [[John]]"}]},{"title":"John 15","children":[{"string":"Book:: [[John]]"}]},{"title":"John 16","children":[{"string":"Book:: [[John]]"}]},{"title":"John 17","children":[{"string":"Book:: [[John]]"}]},{"title":"John 18","children":[{"string":"Book:: [[John]]"}]},{"title":"John 19","children":[{"string":"Book:: [[John]]"}]},{"title":"John 20","children":[{"string":"Book:: [[John]]"}]},{"title":"John 21","children":[{"string":"Book:: [[John]]"}]},{"title":"Acts 1","children":[{"string":"Book:: [[Acts]]"}]},{"title":"Acts 2","children":[{"string":"Book:: [[Acts]]"}]},{"title":"Acts 3","children":[{"string":"Book:: [[Acts]]"}]},{"title":"Acts 4","children":[{"string":"Book:: [[Acts]]"}]},{"title":"Acts 5","children":[{"string":"Book:: [[Acts]]"}]},{"title":"Acts 6","children":[{"string":"Book:: [[Acts]]"}]},{"title":"Acts 7","children":[{"string":"Book:: [[Acts]]"}]},{"title":"Acts 8","children":[{"string":"Book:: [[Acts]]"}]},{"title":"Acts 9","children":[{"string":"Book:: [[Acts]]"}]},{"title":"Acts 10","children":[{"string":"Book:: [[Acts]]"}]},{"title":"Acts 11","children":[{"string":"Book:: [[Acts]]"}]},{"title":"Acts 12","children":[{"string":"Book:: [[Acts]]"}]},{"title":"Acts 13","children":[{"string":"Book:: [[Acts]]"}]},{"title":"Acts 14","children":[{"string":"Book:: [[Acts]]"}]},{"title":"Acts 15","children":[{"string":"Book:: [[Acts]]"}]},{"title":"Acts 16","children":[{"string":"Book:: [[Acts]]"}]},{"title":"Acts 17","children":[{"string":"Book:: [[Acts]]"}]},{"title":"Acts 18","children":[{"string":"Book:: [[Acts]]"}]},{"title":"Acts 19","children":[{"string":"Book:: [[Acts]]"}]},{"title":"Acts 20","children":[{"string":"Book:: [[Acts]]"}]},{"title":"Acts 21","children":[{"string":"Book:: [[Acts]]"}]},{"title":"Acts 22","children":[{"string":"Book:: [[Acts]]"}]},{"title":"Acts 23","children":[{"string":"Book:: [[Acts]]"}]},{"title":"Acts 24","children":[{"string":"Book:: [[Acts]]"}]},{"title":"Acts 25","children":[{"string":"Book:: [[Acts]]"}]},{"title":"Acts 26","children":[{"string":"Book:: [[Acts]]"}]},{"title":"Acts 27","children":[{"string":"Book:: [[Acts]]"}]},{"title":"Acts 28","children":[{"string":"Book:: [[Acts]]"}]},{"title":"Romans 1","children":[{"string":"Book:: [[Romans]]"}]},{"title":"Romans 2","children":[{"string":"Book:: [[Romans]]"}]},{"title":"Romans 3","children":[{"string":"Book:: [[Romans]]"}]},{"title":"Romans 4","children":[{"string":"Book:: [[Romans]]"}]},{"title":"Romans 5","children":[{"string":"Book:: [[Romans]]"}]},{"title":"Romans 6","children":[{"string":"Book:: [[Romans]]"}]},{"title":"Romans 7","children":[{"string":"Book:: [[Romans]]"}]},{"title":"Romans 8","children":[{"string":"Book:: [[Romans]]"}]},{"title":"Romans 9","children":[{"string":"Book:: [[Romans]]"}]},{"title":"Romans 10","children":[{"string":"Book:: [[Romans]]"}]},{"title":"Romans 11","children":[{"string":"Book:: [[Romans]]"}]},{"title":"Romans 12","children":[{"string":"Book:: [[Romans]]"}]},{"title":"Romans 13","children":[{"string":"Book:: [[Romans]]"}]},{"title":"Romans 14","children":[{"string":"Book:: [[Romans]]"}]},{"title":"Romans 15","children":[{"string":"Book:: [[Romans]]"}]},{"title":"Romans 16","children":[{"string":"Book:: [[Romans]]"}]},{"title":"1 Corinthians 1","children":[{"string":"Book:: [[1 Corinthians]]"}]},{"title":"1 Corinthians 2","children":[{"string":"Book:: [[1 Corinthians]]"}]},{"title":"1 Corinthians 3","children":[{"string":"Book:: [[1 Corinthians]]"}]},{"title":"1 Corinthians 4","children":[{"string":"Book:: [[1 Corinthians]]"}]},{"title":"1 Corinthians 5","children":[{"string":"Book:: [[1 Corinthians]]"}]},{"title":"1 Corinthians 6","children":[{"string":"Book:: [[1 Corinthians]]"}]},{"title":"1 Corinthians 7","children":[{"string":"Book:: [[1 Corinthians]]"}]},{"title":"1 Corinthians 8","children":[{"string":"Book:: [[1 Corinthians]]"}]},{"title":"1 Corinthians 9","children":[{"string":"Book:: [[1 Corinthians]]"}]},{"title":"1 Corinthians 10","children":[{"string":"Book:: [[1 Corinthians]]"}]},{"title":"1 Corinthians 11","children":[{"string":"Book:: [[1 Corinthians]]"}]},{"title":"1 Corinthians 12","children":[{"string":"Book:: [[1 Corinthians]]"}]},{"title":"1 Corinthians 13","children":[{"string":"Book:: [[1 Corinthians]]"}]},{"title":"1 Corinthians 14","children":[{"string":"Book:: [[1 Corinthians]]"}]},{"title":"1 Corinthians 15","children":[{"string":"Book:: [[1 Corinthians]]"}]},{"title":"1 Corinthians 16","children":[{"string":"Book:: [[1 Corinthians]]"}]},{"title":"2 Corinthians 1","children":[{"string":"Book:: [[2 Corinthians]]"}]},{"title":"2 Corinthians 2","children":[{"string":"Book:: [[2 Corinthians]]"}]},{"title":"2 Corinthians 3","children":[{"string":"Book:: [[2 Corinthians]]"}]},{"title":"2 Corinthians 4","children":[{"string":"Book:: [[2 Corinthians]]"}]},{"title":"2 Corinthians 5","children":[{"string":"Book:: [[2 Corinthians]]"}]},{"title":"2 Corinthians 6","children":[{"string":"Book:: [[2 Corinthians]]"}]},{"title":"2 Corinthians 7","children":[{"string":"Book:: [[2 Corinthians]]"}]},{"title":"2 Corinthians 8","children":[{"string":"Book:: [[2 Corinthians]]"}]},{"title":"2 Corinthians 9","children":[{"string":"Book:: [[2 Corinthians]]"}]},{"title":"2 Corinthians 10","children":[{"string":"Book:: [[2 Corinthians]]"}]},{"title":"2 Corinthians 11","children":[{"string":"Book:: [[2 Corinthians]]"}]},{"title":"2 Corinthians 12","children":[{"string":"Book:: [[2 Corinthians]]"}]},{"title":"2 Corinthians 13","children":[{"string":"Book:: [[2 Corinthians]]"}]},{"title":"Galatians 1","children":[{"string":"Book:: [[Galatians]]"}]},{"title":"Galatians 2","children":[{"string":"Book:: [[Galatians]]"}]},{"title":"Galatians 3","children":[{"string":"Book:: [[Galatians]]"}]},{"title":"Galatians 4","children":[{"string":"Book:: [[Galatians]]"}]},{"title":"Galatians 5","children":[{"string":"Book:: [[Galatians]]"}]},{"title":"Galatians 6","children":[{"string":"Book:: [[Galatians]]"}]},{"title":"Ephesians 1","children":[{"string":"Book:: [[Ephesians]]"}]},{"title":"Ephesians 2","children":[{"string":"Book:: [[Ephesians]]"}]},{"title":"Ephesians 3","children":[{"string":"Book:: [[Ephesians]]"}]},{"title":"Ephesians 4","children":[{"string":"Book:: [[Ephesians]]"}]},{"title":"Ephesians 5","children":[{"string":"Book:: [[Ephesians]]"}]},{"title":"Ephesians 6","children":[{"string":"Book:: [[Ephesians]]"}]},{"title":"Philippians 1","children":[{"string":"Book:: [[Philippians]]"}]},{"title":"Philippians 2","children":[{"string":"Book:: [[Philippians]]"}]},{"title":"Philippians 3","children":[{"string":"Book:: [[Philippians]]"}]},{"title":"Philippians 4","children":[{"string":"Book:: [[Philippians]]"}]},{"title":"Colossians 1","children":[{"string":"Book:: [[Colossians]]"}]},{"title":"Colossians 2","children":[{"string":"Book:: [[Colossians]]"}]},{"title":"Colossians 3","children":[{"string":"Book:: [[Colossians]]"}]},{"title":"Colossians 4","children":[{"string":"Book:: [[Colossians]]"}]},{"title":"1 Thessalonians 1","children":[{"string":"Book:: [[1 Thessalonians]]"}]},{"title":"1 Thessalonians 2","children":[{"string":"Book:: [[1 Thessalonians]]"}]},{"title":"1 Thessalonians 3","children":[{"string":"Book:: [[1 Thessalonians]]"}]},{"title":"1 Thessalonians 4","children":[{"string":"Book:: [[1 Thessalonians]]"}]},{"title":"1 Thessalonians 5","children":[{"string":"Book:: [[1 Thessalonians]]"}]},{"title":"2 Thessalonians 1","children":[{"string":"Book:: [[2 Thessalonians]]"}]},{"title":"2 Thessalonians 2","children":[{"string":"Book:: [[2 Thessalonians]]"}]},{"title":"2 Thessalonians 3","children":[{"string":"Book:: [[2 Thessalonians]]"}]},{"title":"1 Timothy 1","children":[{"string":"Book:: [[1 Timothy]]"}]},{"title":"1 Timothy 2","children":[{"string":"Book:: [[1 Timothy]]"}]},{"title":"1 Timothy 3","children":[{"string":"Book:: [[1 Timothy]]"}]},{"title":"1 Timothy 4","children":[{"string":"Book:: [[1 Timothy]]"}]},{"title":"1 Timothy 5","children":[{"string":"Book:: [[1 Timothy]]"}]},{"title":"1 Timothy 6","children":[{"string":"Book:: [[1 Timothy]]"}]},{"title":"2 Timothy 1","children":[{"string":"Book:: [[2 Timothy]]"}]},{"title":"2 Timothy 2","children":[{"string":"Book:: [[2 Timothy]]"}]},{"title":"2 Timothy 3","children":[{"string":"Book:: [[2 Timothy]]"}]},{"title":"2 Timothy 4","children":[{"string":"Book:: [[2 Timothy]]"}]},{"title":"Titus 1","children":[{"string":"Book:: [[Titus]]"}]},{"title":"Titus 2","children":[{"string":"Book:: [[Titus]]"}]},{"title":"Titus 3","children":[{"string":"Book:: [[Titus]]"}]},{"title":"Philemon 1","children":[{"string":"Book:: [[Philemon]]"}]},{"title":"Hebrews 1","children":[{"string":"Book:: [[Hebrews]]"}]},{"title":"Hebrews 2","children":[{"string":"Book:: [[Hebrews]]"}]},{"title":"Hebrews 3","children":[{"string":"Book:: [[Hebrews]]"}]},{"title":"Hebrews 4","children":[{"string":"Book:: [[Hebrews]]"}]},{"title":"Hebrews 5","children":[{"string":"Book:: [[Hebrews]]"}]},{"title":"Hebrews 6","children":[{"string":"Book:: [[Hebrews]]"}]},{"title":"Hebrews 7","children":[{"string":"Book:: [[Hebrews]]"}]},{"title":"Hebrews 8","children":[{"string":"Book:: [[Hebrews]]"}]},{"title":"Hebrews 9","children":[{"string":"Book:: [[Hebrews]]"}]},{"title":"Hebrews 10","children":[{"string":"Book:: [[Hebrews]]"}]},{"title":"Hebrews 11","children":[{"string":"Book:: [[Hebrews]]"}]},{"title":"Hebrews 12","children":[{"string":"Book:: [[Hebrews]]"}]},{"title":"Hebrews 13","children":[{"string":"Book:: [[Hebrews]]"}]},{"title":"James 1","children":[{"string":"Book:: [[James]]"}]},{"title":"James 2","children":[{"string":"Book:: [[James]]"}]},{"title":"James 3","children":[{"string":"Book:: [[James]]"}]},{"title":"James 4","children":[{"string":"Book:: [[James]]"}]},{"title":"James 5","children":[{"string":"Book:: [[James]]"}]},{"title":"1 Peter 1","children":[{"string":"Book:: [[1 Peter]]"}]},{"title":"1 Peter 2","children":[{"string":"Book:: [[1 Peter]]"}]},{"title":"1 Peter 3","children":[{"string":"Book:: [[1 Peter]]"}]},{"title":"1 Peter 4","children":[{"string":"Book:: [[1 Peter]]"}]},{"title":"1 Peter 5","children":[{"string":"Book:: [[1 Peter]]"}]},{"title":"2 Peter 1","children":[{"string":"Book:: [[2 Peter]]"}]},{"title":"2 Peter 2","children":[{"string":"Book:: [[2 Peter]]"}]},{"title":"2 Peter 3","children":[{"string":"Book:: [[2 Peter]]"}]},{"title":"1 John 1","children":[{"string":"Book:: [[1 John]]"}]},{"title":"1 John 2","children":[{"string":"Book:: [[1 John]]"}]},{"title":"1 John 3","children":[{"string":"Book:: [[1 John]]"}]},{"title":"1 John 4","children":[{"string":"Book:: [[1 John]]"}]},{"title":"1 John 5","children":[{"string":"Book:: [[1 John]]"}]},{"title":"2 John 1","children":[{"string":"Book:: [[2 John]]"}]},{"title":"3 John 1","children":[{"string":"Book:: [[3 John]]"}]},{"title":"Jude 1","children":[{"string":"Book:: [[Jude]]"}]},{"title":"Revelation 1","children":[{"string":"Book:: [[Revelation]]"}]},{"title":"Revelation 2","children":[{"string":"Book:: [[Revelation]]"}]},{"title":"Revelation 3","children":[{"string":"Book:: [[Revelation]]"}]},{"title":"Revelation 4","children":[{"string":"Book:: [[Revelation]]"}]},{"title":"Revelation 5","children":[{"string":"Book:: [[Revelation]]"}]},{"title":"Revelation 6","children":[{"string":"Book:: [[Revelation]]"}]},{"title":"Revelation 7","children":[{"string":"Book:: [[Revelation]]"}]},{"title":"Revelation 8","children":[{"string":"Book:: [[Revelation]]"}]},{"title":"Revelation 9","children":[{"string":"Book:: [[Revelation]]"}]},{"title":"Revelation 10","children":[{"string":"Book:: [[Revelation]]"}]},{"title":"Revelation 11","children":[{"string":"Book:: [[Revelation]]"}]},{"title":"Revelation 12","children":[{"string":"Book:: [[Revelation]]"}]},{"title":"Revelation 13","children":[{"string":"Book:: [[Revelation]]"}]},{"title":"Revelation 14","children":[{"string":"Book:: [[Revelation]]"}]},{"title":"Revelation 15","children":[{"string":"Book:: [[Revelation]]"}]},{"title":"Revelation 16","children":[{"string":"Book:: [[Revelation]]"}]},{"title":"Revelation 17","children":[{"string":"Book:: [[Revelation]]"}]},{"title":"Revelation 18","children":[{"string":"Book:: [[Revelation]]"}]},{"title":"Revelation 19","children":[{"string":"Book:: [[Revelation]]"}]},{"title":"Revelation 20","children":[{"string":"Book:: [[Revelation]]"}]},{"title":"Revelation 21","children":[{"string":"Book:: [[Revelation]]"}]},{"title":"Revelation 22","children":[{"string":"Book:: [[Revelation]]"}]}]
