[{"title":"Genesis","children":[{"string":"Testament:: [[Old Testament]]"}]},{"title":"Exodus","children":[{"string":"Testament:: [[Old Testament]]"}]},{"title":"Leviticus","children":[{"string":"Testament:: [[Old Testament]]"}]},{"title":"Numbers","children":[{"string":"Testament:: [[Old Testament]]"}]},{"title":"Deuteronomy","children":[{"string":"Testament:: [[Old Testament]]"}]},{"title":"Joshua","children":[{"string":"Testament:: [[Old Testament]]"}]},{"title":"Judges","children":[{"string":"Testament:: [[Old Testament]]"}]},{"title":"Ruth","children":[{"string":"Testament:: [[Old Testament]]"}]},{"title":"1 Samuel","children":[{"string":"Testament:: [[Old Testament]]"}]},{"title":"2 Samuel","children":[{"string":"Testament:: [[Old Testament]]"}]},{"title":"1 Kings","children":[{"string":"Testament:: [[Old Testament]]"}]},{"title":"2 Kings","children":[{"string":"Testament:: [[Old Testament]]"}]},{"title":"1 Chronicles","children":[{"string":"Testament:: [[Old Testament]]"}]},{"title":"2 Chronicles","children":[{"string":"Testament:: [[Old Testament]]"}]},{"title":"Ezra","children":[{"string":"Testament:: [[Old Testament]]"}]},{"title":"Nehemiah","children":[{"string":"Testament:: [[Old Testament]]"}]},{"title":"Esther","children":[{"string":"Testament:: [[Old Testament]]"}]},{"title":"Job","children":[{"string":"Testament:: [[Old Testament]]"}]},{"title":"Psalm","children":[{"string":"Testament:: [[Old Testament]]"}]},{"title":"Proverbs","children":[{"string":"Testament:: [[Old Testament]]"}]},{"title":"Ecclesiastes","children":[{"string":"Testament:: [[Old Testament]]"}]},{"title":"Song of Solomon","children":[{"string":"Testament:: [[Old Testament]]"}]},{"title":"Isaiah","children":[{"string":"Testament:: [[Old Testament]]"}]},{"title":"Jeremiah","children":[{"string":"Testament:: [[Old Testament]]"}]},{"title":"Lamentations","children":[{"string":"Testament:: [[Old Testament]]"}]},{"title":"Ezekiel","children":[{"string":"Testament:: [[Old Testament]]"}]},{"title":"Daniel","children":[{"string":"Testament:: [[Old Testament]]"}]},{"title":"Hosea","children":[{"string":"Testament:: [[Old Testament]]"}]},{"title":"Joel","children":[{"string":"Testament:: [[Old Testament]]"}]},{"title":"Amos","children":[{"string":"Testament:: [[Old Testament]]"}]},{"title":"Obadiah","children":[{"string":"Testament:: [[Old Testament]]"}]},{"title":"Jonah","children":[{"string":"Testament:: [[Old Testament]]"}]},{"title":"Micah","children":[{"string":"Testament:: [[Old Testament]]"}]},{"title":"Nahum","children":[{"string":"Testament:: [[Old Testament]]"}]},{"title":"Habakkuk","children":[{"string":"Testament:: [[Old Testament]]"}]},{"title":"Zephaniah","children":[{"string":"Testament:: [[Old Testament]]"}]},{"title":"Haggai","children":[{"string":"Testament:: [[Old Testament]]"}]},{"title":"Zechariah","children":[{"string":"Testament:: [[Old Testament]]"}]},{"title":"Malachi","children":[{"string":"Testament:: [[Old Testament]]"}]},{"title":"Matthew","children":[{"string":"Testament:: [[New Testament]]"}]},{"title":"Mark","children":[{"string":"Testament:: [[New Testament]]"}]},{"title":"Luke","children":[{"string":"Testament:: [[New Testament]]"}]},{"title":"John","children":[{"string":"Testament:: [[New Testament]]"}]},{"title":"Acts","children":[{"string":"Testament:: [[New Testament]]"}]},{"title":"Romans","children":[{"string":"Testament:: [[New Testament]]"}]},{"title":"1 Corinthians","children":[{"string":"Testament:: [[New Testament]]"}]},{"title":"2 Corinthians","children":[{"string":"Testament:: [[New Testament]]"}]},{"title":"Galatians","children":[{"string":"Testament:: [[New Testament]]"}]},{"title":"Ephesians","children":[{"string":"Testament:: [[New Testament]]"}]},{"title":"Philippians","children":[{"string":"Testament:: [[New Testament]]"}]},{"title":"Colossians","children":[{"string":"Testament:: [[New Testament]]"}]},{"title":"1 Thessalonians","children":[{"string":"Testament:: [[New Testament]]"}]},{"title":"2 Thessalonians","children":[{"string":"Testament:: [[New Testament]]"}]},{"title":"1 Timothy","children":[{"string":"Testament:: [[New Testament]]"}]},{"title":"2 Timothy","children":[{"string":"Testament:: [[New Testament]]"}]},{"title":"Titus","children":[{"string":"Testament:: [[New Testament]]"}]},{"title":"Philemon","children":[{"string":"Testament:: [[New Testament]]"}]},{"title":"Hebrews","children":[{"string":"Testament:: [[New Testament]]"}]},{"title":"James","children":[{"string":"Testament:: [[New Testament]]"}]},{"title":"1 Peter","children":[{"string":"Testament:: [[New Testament]]"}]},{"title":"2 Peter","children":[{"string":"Testament:: [[New Testament]]"}]},{"title":"1 John","children":[{"string":"Testament:: [[New Testament]]"}]},{"title":"2 John","children":[{"string":"Testament:: [[New Testament]]"}]},{"title":"3 John","children":[{"string":"Testament:: [[New Testament]]"}]},{"title":"Jude","children":[{"string":"Testament:: [[New Testament]]"}]},{"title":"Revelation","children":[{"string":"Testament:: [[New Testament]]"}]}]
