[{"title":"May 1st, 2020","children":[{"string":"#TestPage1","create-email":"samdynamicsllc@gmail.com","create-time":1588352985844,"uid":"W2xAGzqsc","edit-time":1588352990880,"edit-email":"samdynamicsllc@gmail.com"},{"string":"#testpage2","create-email":"samdynamicsllc@gmail.com","create-time":1588352990871,"uid":"frabHyfGA","edit-time":1588353041963,"edit-email":"samdynamicsllc@gmail.com"},{"string":"Root bullet","create-email":"samdynamicsllc@gmail.com","create-time":1588354284156,"children":[{"string":"Root-Child1","create-email":"samdynamicsllc@gmail.com","create-time":1588354290194,"uid":"Rb6XRtZWN","edit-time":1588354300716,"edit-email":"samdynamicsllc@gmail.com"},{"string":"Root-Child2","create-email":"samdynamicsllc@gmail.com","create-time":1588354300712,"children":[{"string":"Root-Child2-Child1","create-email":"samdynamicsllc@gmail.com","create-time":1588354313606,"uid":"xxtiGLb-l","edit-time":1588354326056,"edit-email":"samdynamicsllc@gmail.com"},{"string":"Root-Child2-Child2","create-email":"samdynamicsllc@gmail.com","create-time":1588354330493,"uid":"BQdjWWn9V","edit-time":1588354334007,"edit-email":"samdynamicsllc@gmail.com"}],"uid":"dOgGFybw9","edit-time":1588354304458,"edit-email":"samdynamicsllc@gmail.com"},{"string":"Root-Child3","create-email":"samdynamicsllc@gmail.com","create-time":1588354304990,"uid":"SovxbFCuB","edit-time":1588354313050,"edit-email":"samdynamicsllc@gmail.com"}],"uid":"l9j4sgjAn","edit-time":1588354289126,"edit-email":"samdynamicsllc@gmail.com"},{"string":"Next root bullet","create-email":"samdynamicsllc@gmail.com","create-time":1588354339524,"uid":"1_MKVHb-r","edit-time":1588354343219,"edit-email":"samdynamicsllc@gmail.com"},{"string":"stuff #[[[[TestPage1]] in page name]] and then [[[[TestPage1]] in page name]]","create-email":"samdynamicsllc@gmail.com","create-time":1588353041958,"uid":"aO1tNhx0M","edit-time":1588353165577,"edit-email":"samdynamicsllc@gmail.com"}],"edit-time":1588352643964,"edit-email":"samdynamicsllc@gmail.com"},{"create-email":"samdynamicsllc@gmail.com","create-time":1588352990882,"title":"TestPage1","children":[{"string":"attribute1:: value1","create-email":"samdynamicsllc@gmail.com","create-time":1588353001122,"uid":"GpbptOl4B","edit-time":1588353015652,"edit-email":"samdynamicsllc@gmail.com"},{"string":"attribute2:: value 2","create-email":"samdynamicsllc@gmail.com","create-time":1588353015645,"uid":"t_ENhUquQ","edit-time":1588353023932,"edit-email":"samdynamicsllc@gmail.com"},{"string":"","create-email":"samdynamicsllc@gmail.com","create-time":1588353024987,"uid":"-Tk5UeiF4","edit-time":1588353024987,"edit-email":"samdynamicsllc@gmail.com"}],"edit-time":1588353126196,"edit-email":"samdynamicsllc@gmail.com"},{"create-email":"samdynamicsllc@gmail.com","create-time":1588353013036,"title":"attribute1","edit-time":1588353013038,"edit-email":"samdynamicsllc@gmail.com"},{"create-email":"samdynamicsllc@gmail.com","create-time":1588353023934,"title":"attribute2","children":[{"string":"","create-email":"samdynamicsllc@gmail.com","create-time":1588353969999,"uid":"yB6k14JIi","edit-time":1588353969999,"edit-email":"samdynamicsllc@gmail.com"}],"edit-time":1588353023936,"edit-email":"samdynamicsllc@gmail.com"},{"create-email":"samdynamicsllc@gmail.com","create-time":1588353041966,"title":"testpage2","children":[{"string":"attribute2:: another value","create-email":"samdynamicsllc@gmail.com","create-time":1588353058938,"uid":"xlzWAVSTl","edit-time":1588353065420,"edit-email":"samdynamicsllc@gmail.com"},{"string":"more stuff","create-email":"samdynamicsllc@gmail.com","create-time":1588353067390,"uid":"MH2-RWLyu","edit-time":1588353069708,"edit-email":"samdynamicsllc@gmail.com"},{"string":"Root bullet","create-email":"samdynamicsllc@gmail.com","create-time":1588354391898,"children":[{"string":"Root-Child1","create-email":"samdynamicsllc@gmail.com","create-time":1588354403831,"uid":"89WOvqR2b","edit-time":1588354403831,"edit-email":"samdynamicsllc@gmail.com"},{"string":"Root-Child2","create-email":"samdynamicsllc@gmail.com","create-time":1588354408920,"children":[{"string":"Root-Child2-Child1","create-email":"samdynamicsllc@gmail.com","create-time":1588354420554,"uid":"6yyrsfHqk","edit-time":1588354420554,"edit-email":"samdynamicsllc@gmail.com"},{"string":"Root-Child2-Child2","create-email":"samdynamicsllc@gmail.com","create-time":1588354424945,"uid":"RInECiDoT","edit-time":1588354424945,"edit-email":"samdynamicsllc@gmail.com"}],"uid":"bmZ7eBFdg","edit-time":1588354408920,"edit-email":"samdynamicsllc@gmail.com"},{"string":"Root-Child3","create-email":"samdynamicsllc@gmail.com","create-time":1588354429816,"uid":"DH4mYuPwy","edit-time":1588354429816,"edit-email":"samdynamicsllc@gmail.com"}],"uid":"w-eWkT_wy","edit-time":1588354391898,"edit-email":"samdynamicsllc@gmail.com"},{"string":"Next root bullet","create-email":"samdynamicsllc@gmail.com","create-time":1588354357358,"uid":"onqesWEJp","edit-time":1588354433125,"edit-email":"samdynamicsllc@gmail.com"},{"string":"[[[[TestPage1]] in page name]]","create-email":"samdynamicsllc@gmail.com","create-time":1588353097326,"uid":"v6dg44SMX","edit-time":1588353126188,"edit-email":"samdynamicsllc@gmail.com"}],"edit-time":1588353041968,"edit-email":"samdynamicsllc@gmail.com"},{"create-email":"samdynamicsllc@gmail.com","create-time":1588353126191,"title":"[[TestPage1]] in page name","edit-time":1588353126196,"edit-email":"samdynamicsllc@gmail.com"},{"title":"May 9th, 2020","edit-time":1589008634208,"edit-email":"samdynamicsllc@gmail.com"},{"title":"May 11th, 2020","children":[{"string":"testing today","create-email":"samdynamicsllc@gmail.com","create-time":1589225778008,"children":[{"string":"will do more json testing tomorrow","create-email":"samdynamicsllc@gmail.com","create-time":1589225780255,"uid":"QbVK7HqVU","edit-time":1589225786310,"edit-email":"samdynamicsllc@gmail.com"}],"uid":"zylIWTM4N","edit-time":1589225780261,"edit-email":"samdynamicsllc@gmail.com"}],"edit-time":1589225768813,"edit-email":"samdynamicsllc@gmail.com"},{"title":"May 12th, 2020","edit-time":1589266801088,"edit-email":"samdynamicsllc@gmail.com"},{"title":"May 13th, 2020","edit-time":1589353201086,"edit-email":"samdynamicsllc@gmail.com"},{"title":"May 16th, 2020","children":[{"string":"[[Genesis]]","create-email":"samdynamicsllc@gmail.com","create-time":1589685029278,"uid":"1jzxmHxst","edit-time":1589685046462,"edit-email":"samdynamicsllc@gmail.com"},{"string":"[[Exodus]]","uid":"nzL05g412","edit-time":1589685079768,"edit-email":"samdynamicsllc@gmail.com"},{"string":"[[Leviticus]]","uid":"c54Kv-zdz","edit-time":1589685081656,"edit-email":"samdynamicsllc@gmail.com"},{"string":"[[Numbers]]","uid":"4P5VFezQS","edit-time":1589685083032,"edit-email":"samdynamicsllc@gmail.com"},{"string":"[[Deuteronomy]]","uid":"Q6b44fQSx","edit-time":1589685084325,"edit-email":"samdynamicsllc@gmail.com"},{"string":"[[Joshua]]","uid":"QETK5Ald6","edit-time":1589685085523,"edit-email":"samdynamicsllc@gmail.com"},{"string":"[[Judges]]","uid":"4H3kb9bWj","edit-time":1589685086918,"edit-email":"samdynamicsllc@gmail.com"}],"edit-time":1589685020265,"edit-email":"samdynamicsllc@gmail.com"},{"create-email":"samdynamicsllc@gmail.com","create-time":1589685046466,"title":"Genesis","children":[{"string":"[[[[Genesis]] Chapter 1]]","create-email":"samdynamicsllc@gmail.com","create-time":1589685346552,"children":[{"string":"((LPW5xbHqg))","create-email":"samdynamicsllc@gmail.com","create-time":1589685507913,"uid":"9SXZwub6b","edit-time":1589685531141,"edit-email":"samdynamicsllc@gmail.com"},{"string":"((A0EYdgQ9j))","create-email":"samdynamicsllc@gmail.com","create-time":1589685538664,"uid":"31ZR58pHS","edit-time":1589685548582,"edit-email":"samdynamicsllc@gmail.com"}],"uid":"4IYOTR9MD","edit-time":1589685346607,"edit-email":"samdynamicsllc@gmail.com"},{"string":"[[[[Genesis]] Chapter 2]]","create-email":"samdynamicsllc@gmail.com","create-time":1589685346552,"uid":"o7cjdWkat","edit-time":1589685346607,"edit-email":"samdynamicsllc@gmail.com"},{"string":"[[[[Genesis]] Chapter 3]]","create-email":"samdynamicsllc@gmail.com","create-time":1589685346552,"uid":"-IDtrBlbI","edit-time":1589685346607,"edit-email":"samdynamicsllc@gmail.com"},{"string":"[[[[Genesis]] Chapter 4]]","create-email":"samdynamicsllc@gmail.com","create-time":1589685346552,"uid":"8xMKj72M5","edit-time":1589685346608,"edit-email":"samdynamicsllc@gmail.com"},{"string":"[[[[Genesis]] Chapter 5]]","create-email":"samdynamicsllc@gmail.com","create-time":1589685346552,"uid":"DCoijINtT","edit-time":1589685346608,"edit-email":"samdynamicsllc@gmail.com"},{"string":"[[[[Genesis]] Chapter 6]]","create-email":"samdynamicsllc@gmail.com","create-time":1589685346552,"uid":"Yz-h-1PGn","edit-time":1589685346608,"edit-email":"samdynamicsllc@gmail.com"},{"string":"[[[[Genesis]] Chapter 7]]","create-email":"samdynamicsllc@gmail.com","create-time":1589685346552,"uid":"sdjKOi18f","edit-time":1589685346608,"edit-email":"samdynamicsllc@gmail.com"},{"string":"[[[[Genesis]] Chapter 8]]","create-email":"samdynamicsllc@gmail.com","create-time":1589685346552,"uid":"E_HVoFVU_","edit-time":1589685346609,"edit-email":"samdynamicsllc@gmail.com"},{"string":"[[[[Genesis]] Chapter 9]]","create-email":"samdynamicsllc@gmail.com","create-time":1589685346552,"uid":"kRcNtqwrO","edit-time":1589685346609,"edit-email":"samdynamicsllc@gmail.com"},{"string":"[[[[Genesis]] Chapter 10]]","create-email":"samdynamicsllc@gmail.com","create-time":1589685346552,"uid":"wRJBcjF9x","edit-time":1589685346609,"edit-email":"samdynamicsllc@gmail.com"},{"string":"[[[[Genesis]] Chapter 11]]","create-email":"samdynamicsllc@gmail.com","create-time":1589685346552,"uid":"oQia065am","edit-time":1589685346609,"edit-email":"samdynamicsllc@gmail.com"},{"string":"[[[[Genesis]] Chapter 12]]","create-email":"samdynamicsllc@gmail.com","create-time":1589685346552,"uid":"FuISJiM8-","edit-time":1589685346609,"edit-email":"samdynamicsllc@gmail.com"},{"string":"[[[[Genesis]] Chapter 13]]","create-email":"samdynamicsllc@gmail.com","create-time":1589685346552,"uid":"VeCWVPJtT","edit-time":1589685346609,"edit-email":"samdynamicsllc@gmail.com"},{"string":"[[[[Genesis]] Chapter 14]]","create-email":"samdynamicsllc@gmail.com","create-time":1589685346552,"uid":"Qr3RtAT-k","edit-time":1589685346609,"edit-email":"samdynamicsllc@gmail.com"},{"string":"[[[[Genesis]] Chapter 15]]","create-email":"samdynamicsllc@gmail.com","create-time":1589685346552,"uid":"5Nfc_Z5QT","edit-time":1589685346609,"edit-email":"samdynamicsllc@gmail.com"},{"string":"[[[[Genesis]] Chapter 16]]","create-email":"samdynamicsllc@gmail.com","create-time":1589685346552,"uid":"lw9bn1wXx","edit-time":1589685346610,"edit-email":"samdynamicsllc@gmail.com"},{"string":"[[[[Genesis]] Chapter 17]]","create-email":"samdynamicsllc@gmail.com","create-time":1589685346552,"uid":"5YctG5Hwr","edit-time":1589685346610,"edit-email":"samdynamicsllc@gmail.com"},{"string":"[[[[Genesis]] Chapter 18]]","create-email":"samdynamicsllc@gmail.com","create-time":1589685346552,"uid":"Nmc5SMetM","edit-time":1589685346610,"edit-email":"samdynamicsllc@gmail.com"},{"string":"[[[[Genesis]] Chapter 19]]","create-email":"samdynamicsllc@gmail.com","create-time":1589685346552,"uid":"unejvNkdz","edit-time":1589685346610,"edit-email":"samdynamicsllc@gmail.com"},{"string":"[[[[Genesis]] Chapter 20]]","create-email":"samdynamicsllc@gmail.com","create-time":1589685346552,"uid":"sBVQVjYO3","edit-time":1589685346611,"edit-email":"samdynamicsllc@gmail.com"},{"string":"[[[[Genesis]] Chapter 21]]","create-email":"samdynamicsllc@gmail.com","create-time":1589685346552,"uid":"C6GbPNhOq","edit-time":1589685346611,"edit-email":"samdynamicsllc@gmail.com"},{"string":"[[[[Genesis]] Chapter 22]]","create-email":"samdynamicsllc@gmail.com","create-time":1589685346552,"uid":"zossZdMdM","edit-time":1589685346611,"edit-email":"samdynamicsllc@gmail.com"},{"string":"[[[[Genesis]] Chapter 23]]","create-email":"samdynamicsllc@gmail.com","create-time":1589685346552,"uid":"gH2kjZqkI","edit-time":1589685346611,"edit-email":"samdynamicsllc@gmail.com"},{"string":"[[[[Genesis]] Chapter 24]]","create-email":"samdynamicsllc@gmail.com","create-time":1589685346552,"uid":"wN6Sk7Vbt","edit-time":1589685346612,"edit-email":"samdynamicsllc@gmail.com"},{"string":"[[[[Genesis]] Chapter 25]]","create-email":"samdynamicsllc@gmail.com","create-time":1589685346552,"uid":"65-qMiN7z","edit-time":1589685346612,"edit-email":"samdynamicsllc@gmail.com"},{"string":"[[[[Genesis]] Chapter 26]]","create-email":"samdynamicsllc@gmail.com","create-time":1589685346552,"uid":"5AcKXJJZn","edit-time":1589685346613,"edit-email":"samdynamicsllc@gmail.com"},{"string":"[[[[Genesis]] Chapter 27]]","create-email":"samdynamicsllc@gmail.com","create-time":1589685346552,"uid":"b0eoomm4P","edit-time":1589685346613,"edit-email":"samdynamicsllc@gmail.com"},{"string":"[[[[Genesis]] Chapter 28]]","create-email":"samdynamicsllc@gmail.com","create-time":1589685346552,"uid":"8b4T2rjrx","edit-time":1589685346613,"edit-email":"samdynamicsllc@gmail.com"},{"string":"[[[[Genesis]] Chapter 29]]","create-email":"samdynamicsllc@gmail.com","create-time":1589685346552,"uid":"xsUN-N7Mp","edit-time":1589685346613,"edit-email":"samdynamicsllc@gmail.com"},{"string":"[[[[Genesis]] Chapter 30]]","create-email":"samdynamicsllc@gmail.com","create-time":1589685346552,"uid":"IZ8lAIzQv","edit-time":1589685346613,"edit-email":"samdynamicsllc@gmail.com"},{"string":"[[[[Genesis]] Chapter 31]]","create-email":"samdynamicsllc@gmail.com","create-time":1589685346552,"uid":"3PHJy3LGM","edit-time":1589685346613,"edit-email":"samdynamicsllc@gmail.com"},{"string":"[[[[Genesis]] Chapter 32]]","create-email":"samdynamicsllc@gmail.com","create-time":1589685346552,"uid":"2dPa1ZKAa","edit-time":1589685346613,"edit-email":"samdynamicsllc@gmail.com"},{"string":"[[[[Genesis]] Chapter 33]]","create-email":"samdynamicsllc@gmail.com","create-time":1589685346552,"uid":"TBz5e4tPU","edit-time":1589685346614,"edit-email":"samdynamicsllc@gmail.com"},{"string":"[[[[Genesis]] Chapter 34]]","create-email":"samdynamicsllc@gmail.com","create-time":1589685346552,"uid":"vkpDNhVHy","edit-time":1589685346614,"edit-email":"samdynamicsllc@gmail.com"},{"string":"[[[[Genesis]] Chapter 35]]","create-email":"samdynamicsllc@gmail.com","create-time":1589685346552,"uid":"jCYkPsPcl","edit-time":1589685346614,"edit-email":"samdynamicsllc@gmail.com"},{"string":"[[[[Genesis]] Chapter 36]]","create-email":"samdynamicsllc@gmail.com","create-time":1589685346552,"uid":"scPzSZSQd","edit-time":1589685346614,"edit-email":"samdynamicsllc@gmail.com"},{"string":"[[[[Genesis]] Chapter 37]]","create-email":"samdynamicsllc@gmail.com","create-time":1589685346552,"uid":"3VcahUjNP","edit-time":1589685346615,"edit-email":"samdynamicsllc@gmail.com"},{"string":"[[[[Genesis]] Chapter 38]]","create-email":"samdynamicsllc@gmail.com","create-time":1589685346552,"uid":"Z_aHYQ6Lc","edit-time":1589685346615,"edit-email":"samdynamicsllc@gmail.com"},{"string":"[[[[Genesis]] Chapter 39]]","create-email":"samdynamicsllc@gmail.com","create-time":1589685346552,"uid":"1QEcsOXkM","edit-time":1589685346615,"edit-email":"samdynamicsllc@gmail.com"},{"string":"[[[[Genesis]] Chapter 40]]","create-email":"samdynamicsllc@gmail.com","create-time":1589685346552,"uid":"pTiuDwi8a","edit-time":1589685346615,"edit-email":"samdynamicsllc@gmail.com"},{"string":"[[[[Genesis]] Chapter 41]]","create-email":"samdynamicsllc@gmail.com","create-time":1589685346552,"uid":"QNuxdTA0J","edit-time":1589685346615,"edit-email":"samdynamicsllc@gmail.com"},{"string":"[[[[Genesis]] Chapter 42]]","create-email":"samdynamicsllc@gmail.com","create-time":1589685346552,"uid":"IFuSD_EpJ","edit-time":1589685346615,"edit-email":"samdynamicsllc@gmail.com"},{"string":"[[[[Genesis]] Chapter 43]]","create-email":"samdynamicsllc@gmail.com","create-time":1589685346552,"uid":"kM66EDzIH","edit-time":1589685346615,"edit-email":"samdynamicsllc@gmail.com"},{"string":"[[[[Genesis]] Chapter 44]]","create-email":"samdynamicsllc@gmail.com","create-time":1589685346552,"uid":"Gkcs3qU5d","edit-time":1589685346615,"edit-email":"samdynamicsllc@gmail.com"},{"string":"[[[[Genesis]] Chapter 45]]","create-email":"samdynamicsllc@gmail.com","create-time":1589685346552,"uid":"S-dzJnavg","edit-time":1589685346615,"edit-email":"samdynamicsllc@gmail.com"},{"string":"[[[[Genesis]] Chapter 46]]","create-email":"samdynamicsllc@gmail.com","create-time":1589685346552,"uid":"t1Yv65UKA","edit-time":1589685346615,"edit-email":"samdynamicsllc@gmail.com"},{"string":"[[[[Genesis]] Chapter 47]]","create-email":"samdynamicsllc@gmail.com","create-time":1589685346552,"uid":"X6zcO_4oJ","edit-time":1589685346616,"edit-email":"samdynamicsllc@gmail.com"},{"string":"[[[[Genesis]] Chapter 48]]","create-email":"samdynamicsllc@gmail.com","create-time":1589685346552,"uid":"Li-bNgm0L","edit-time":1589685346616,"edit-email":"samdynamicsllc@gmail.com"},{"string":"[[[[Genesis]] Chapter 49]]","create-email":"samdynamicsllc@gmail.com","create-time":1589685346552,"uid":"FYIG21HVU","edit-time":1589685346616,"edit-email":"samdynamicsllc@gmail.com"},{"string":"[[[[Genesis]] Chapter 50]]","create-email":"samdynamicsllc@gmail.com","create-time":1589685346552,"uid":"WKzZ1atBR","edit-time":1589685346616,"edit-email":"samdynamicsllc@gmail.com"}],"edit-time":1589685346616,"edit-email":"samdynamicsllc@gmail.com"},{"create-email":"samdynamicsllc@gmail.com","create-time":1589685079769,"title":"Exodus","children":[{"string":"[[[[Exodus]] Chapter 1]]","create-email":"samdynamicsllc@gmail.com","create-time":1589685687153,"uid":"G-R9CNOA0","edit-time":1589685687209,"edit-email":"samdynamicsllc@gmail.com"},{"string":"[[[[Exodus]] Chapter 2]]","create-email":"samdynamicsllc@gmail.com","create-time":1589685687153,"uid":"uSxxtdOA5","edit-time":1589685687209,"edit-email":"samdynamicsllc@gmail.com"},{"string":"[[[[Exodus]] Chapter 3]]","create-email":"samdynamicsllc@gmail.com","create-time":1589685687153,"uid":"d90BZOYyu","edit-time":1589685687209,"edit-email":"samdynamicsllc@gmail.com"},{"string":"[[[[Exodus]] Chapter 4]]","create-email":"samdynamicsllc@gmail.com","create-time":1589685687153,"uid":"bQ5SVl3x7","edit-time":1589685687209,"edit-email":"samdynamicsllc@gmail.com"},{"string":"[[[[Exodus]] Chapter 5]]","create-email":"samdynamicsllc@gmail.com","create-time":1589685687153,"uid":"t5_7eEW7l","edit-time":1589685687209,"edit-email":"samdynamicsllc@gmail.com"},{"string":"[[[[Exodus]] Chapter 6]]","create-email":"samdynamicsllc@gmail.com","create-time":1589685687153,"uid":"7Mhj-M1TR","edit-time":1589685687209,"edit-email":"samdynamicsllc@gmail.com"},{"string":"[[[[Exodus]] Chapter 7]]","create-email":"samdynamicsllc@gmail.com","create-time":1589685687153,"uid":"lCBcWYySt","edit-time":1589685687209,"edit-email":"samdynamicsllc@gmail.com"},{"string":"[[[[Exodus]] Chapter 8]]","create-email":"samdynamicsllc@gmail.com","create-time":1589685687153,"uid":"gP2BnaWzL","edit-time":1589685687209,"edit-email":"samdynamicsllc@gmail.com"},{"string":"[[[[Exodus]] Chapter 9]]","create-email":"samdynamicsllc@gmail.com","create-time":1589685687153,"uid":"qvyxWtGcM","edit-time":1589685687209,"edit-email":"samdynamicsllc@gmail.com"},{"string":"[[[[Exodus]] Chapter 10]]","create-email":"samdynamicsllc@gmail.com","create-time":1589685687153,"uid":"ukuuEc-V3","edit-time":1589685687209,"edit-email":"samdynamicsllc@gmail.com"},{"string":"[[[[Exodus]] Chapter 11]]","create-email":"samdynamicsllc@gmail.com","create-time":1589685687153,"uid":"RvlPFLh2i","edit-time":1589685687210,"edit-email":"samdynamicsllc@gmail.com"},{"string":"[[[[Exodus]] Chapter 12]]","create-email":"samdynamicsllc@gmail.com","create-time":1589685687153,"uid":"OPoZXkcKx","edit-time":1589685687210,"edit-email":"samdynamicsllc@gmail.com"},{"string":"[[[[Exodus]] Chapter 13]]","create-email":"samdynamicsllc@gmail.com","create-time":1589685687153,"uid":"CET_1YsX1","edit-time":1589685687210,"edit-email":"samdynamicsllc@gmail.com"},{"string":"[[[[Exodus]] Chapter 14]]","create-email":"samdynamicsllc@gmail.com","create-time":1589685687153,"uid":"HCzqh4-3B","edit-time":1589685687210,"edit-email":"samdynamicsllc@gmail.com"},{"string":"[[[[Exodus]] Chapter 15]]","create-email":"samdynamicsllc@gmail.com","create-time":1589685687153,"uid":"0_yml_Qst","edit-time":1589685687210,"edit-email":"samdynamicsllc@gmail.com"},{"string":"[[[[Exodus]] Chapter 16]]","create-email":"samdynamicsllc@gmail.com","create-time":1589685687153,"uid":"ffZr3h-sj","edit-time":1589685687210,"edit-email":"samdynamicsllc@gmail.com"},{"string":"[[[[Exodus]] Chapter 17]]","create-email":"samdynamicsllc@gmail.com","create-time":1589685687153,"uid":"gmCD1AYio","edit-time":1589685687210,"edit-email":"samdynamicsllc@gmail.com"},{"string":"[[[[Exodus]] Chapter 18]]","create-email":"samdynamicsllc@gmail.com","create-time":1589685687153,"uid":"D0WnaIQV3","edit-time":1589685687210,"edit-email":"samdynamicsllc@gmail.com"},{"string":"[[[[Exodus]] Chapter 19]]","create-email":"samdynamicsllc@gmail.com","create-time":1589685687153,"uid":"r7cuYFZQH","edit-time":1589685687211,"edit-email":"samdynamicsllc@gmail.com"},{"string":"[[[[Exodus]] Chapter 20]]","create-email":"samdynamicsllc@gmail.com","create-time":1589685687153,"uid":"INSEBXbwW","edit-time":1589685687211,"edit-email":"samdynamicsllc@gmail.com"},{"string":"[[[[Exodus]] Chapter 21]]","create-email":"samdynamicsllc@gmail.com","create-time":1589685687153,"uid":"TAMah9dAT","edit-time":1589685687212,"edit-email":"samdynamicsllc@gmail.com"},{"string":"[[[[Exodus]] Chapter 22]]","create-email":"samdynamicsllc@gmail.com","create-time":1589685687153,"uid":"fpTUIwh7M","edit-time":1589685687212,"edit-email":"samdynamicsllc@gmail.com"},{"string":"[[[[Exodus]] Chapter 23]]","create-email":"samdynamicsllc@gmail.com","create-time":1589685687153,"uid":"Pc9Dv54SO","edit-time":1589685687212,"edit-email":"samdynamicsllc@gmail.com"},{"string":"[[[[Exodus]] Chapter 24]]","create-email":"samdynamicsllc@gmail.com","create-time":1589685687153,"uid":"JX6IC6txt","edit-time":1589685687212,"edit-email":"samdynamicsllc@gmail.com"},{"string":"[[[[Exodus]] Chapter 25]]","create-email":"samdynamicsllc@gmail.com","create-time":1589685687153,"uid":"-ykewWhqY","edit-time":1589685687212,"edit-email":"samdynamicsllc@gmail.com"},{"string":"[[[[Exodus]] Chapter 26]]","create-email":"samdynamicsllc@gmail.com","create-time":1589685687153,"uid":"Yx5khliUZ","edit-time":1589685687212,"edit-email":"samdynamicsllc@gmail.com"},{"string":"[[[[Exodus]] Chapter 27]]","create-email":"samdynamicsllc@gmail.com","create-time":1589685687153,"uid":"4ptYZ1KZx","edit-time":1589685687212,"edit-email":"samdynamicsllc@gmail.com"},{"string":"[[[[Exodus]] Chapter 28]]","create-email":"samdynamicsllc@gmail.com","create-time":1589685687153,"uid":"tLo-3Xmt6","edit-time":1589685687212,"edit-email":"samdynamicsllc@gmail.com"},{"string":"[[[[Exodus]] Chapter 29]]","create-email":"samdynamicsllc@gmail.com","create-time":1589685687153,"uid":"sxiXw8wox","edit-time":1589685687212,"edit-email":"samdynamicsllc@gmail.com"},{"string":"[[[[Exodus]] Chapter 30]]","create-email":"samdynamicsllc@gmail.com","create-time":1589685687153,"uid":"4KNXPCKTd","edit-time":1589685687212,"edit-email":"samdynamicsllc@gmail.com"},{"string":"[[[[Exodus]] Chapter 31]]","create-email":"samdynamicsllc@gmail.com","create-time":1589685687153,"uid":"NGl8Q86cZ","edit-time":1589685687212,"edit-email":"samdynamicsllc@gmail.com"},{"string":"[[[[Exodus]] Chapter 32]]","create-email":"samdynamicsllc@gmail.com","create-time":1589685687153,"uid":"I2JVvGAE8","edit-time":1589685687213,"edit-email":"samdynamicsllc@gmail.com"},{"string":"[[[[Exodus]] Chapter 33]]","create-email":"samdynamicsllc@gmail.com","create-time":1589685687153,"uid":"C49FnMAao","edit-time":1589685687213,"edit-email":"samdynamicsllc@gmail.com"},{"string":"[[[[Exodus]] Chapter 34]]","create-email":"samdynamicsllc@gmail.com","create-time":1589685687153,"uid":"BUGOitLus","edit-time":1589685687213,"edit-email":"samdynamicsllc@gmail.com"},{"string":"[[[[Exodus]] Chapter 35]]","create-email":"samdynamicsllc@gmail.com","create-time":1589685687153,"uid":"pVL_HAPQV","edit-time":1589685687213,"edit-email":"samdynamicsllc@gmail.com"},{"string":"[[[[Exodus]] Chapter 36]]","create-email":"samdynamicsllc@gmail.com","create-time":1589685687153,"uid":"_1zJZQmiF","edit-time":1589685687213,"edit-email":"samdynamicsllc@gmail.com"},{"string":"[[[[Exodus]] Chapter 37]]","create-email":"samdynamicsllc@gmail.com","create-time":1589685687153,"uid":"VPUHAQPM9","edit-time":1589685687213,"edit-email":"samdynamicsllc@gmail.com"},{"string":"[[[[Exodus]] Chapter 38]]","create-email":"samdynamicsllc@gmail.com","create-time":1589685687153,"uid":"8PK16Hhwb","edit-time":1589685687213,"edit-email":"samdynamicsllc@gmail.com"},{"string":"[[[[Exodus]] Chapter 39]]","create-email":"samdynamicsllc@gmail.com","create-time":1589685687153,"uid":"QKfdfOBJ4","edit-time":1589685687213,"edit-email":"samdynamicsllc@gmail.com"},{"string":"[[[[Exodus]] Chapter 40]]","create-email":"samdynamicsllc@gmail.com","create-time":1589685687153,"uid":"XmBJjCbYN","edit-time":1589685687213,"edit-email":"samdynamicsllc@gmail.com"}],"edit-time":1589685687213,"edit-email":"samdynamicsllc@gmail.com"},{"create-email":"samdynamicsllc@gmail.com","create-time":1589685081658,"title":"Leviticus","edit-time":1589685081660,"edit-email":"samdynamicsllc@gmail.com"},{"create-email":"samdynamicsllc@gmail.com","create-time":1589685083035,"title":"Numbers","edit-time":1589685083037,"edit-email":"samdynamicsllc@gmail.com"},{"create-email":"samdynamicsllc@gmail.com","create-time":1589685084328,"title":"Deuteronomy","edit-time":1589685084331,"edit-email":"samdynamicsllc@gmail.com"},{"create-email":"samdynamicsllc@gmail.com","create-time":1589685085526,"title":"Joshua","edit-time":1589685085528,"edit-email":"samdynamicsllc@gmail.com"},{"create-email":"samdynamicsllc@gmail.com","create-time":1589685086920,"title":"Judges","edit-time":1589685086923,"edit-email":"samdynamicsllc@gmail.com"},{"create-email":"samdynamicsllc@gmail.com","create-time":1589685346558,"title":"[[Genesis]] Chapter 1","children":[{"string":"In the beginning God created the heaven and the earth.","create-email":"samdynamicsllc@gmail.com","create-time":1589685454745,"uid":"LPW5xbHqg","edit-time":1589685454763,"edit-email":"samdynamicsllc@gmail.com"},{"string":"And the earth was without form, and void; and darkness was upon the face of the deep. And the Spirit of God moved upon the face of the waters.","create-email":"samdynamicsllc@gmail.com","create-time":1589685454745,"uid":"A0EYdgQ9j","edit-time":1589685454763,"edit-email":"samdynamicsllc@gmail.com"},{"string":"And God said, Let there be light: and there was light.","create-email":"samdynamicsllc@gmail.com","create-time":1589685454745,"uid":"SGlfoN9Bq","edit-time":1589685454763,"edit-email":"samdynamicsllc@gmail.com"},{"string":"And God saw the light, that it was good: and God divided the light from the darkness.","create-email":"samdynamicsllc@gmail.com","create-time":1589685454745,"uid":"OVHX84LlH","edit-time":1589685454763,"edit-email":"samdynamicsllc@gmail.com"},{"string":"And God called the light Day, and the darkness he called Night. And the evening and the morning were the first day.","create-email":"samdynamicsllc@gmail.com","create-time":1589685454745,"uid":"Hds_wsLg1","edit-time":1589685454763,"edit-email":"samdynamicsllc@gmail.com"},{"string":"And God said, Let there be a firmament in the midst of the waters, and let it divide the waters from the waters.","create-email":"samdynamicsllc@gmail.com","create-time":1589685454745,"uid":"YvcEY9MmA","edit-time":1589685454763,"edit-email":"samdynamicsllc@gmail.com"},{"string":"And God made the firmament, and divided the waters which were under the firmament from the waters which were above the firmament: and it was so.","create-email":"samdynamicsllc@gmail.com","create-time":1589685454745,"uid":"1lCQzN9_a","edit-time":1589685454763,"edit-email":"samdynamicsllc@gmail.com"},{"string":"And God called the firmament Heaven. And the evening and the morning were the second day.","create-email":"samdynamicsllc@gmail.com","create-time":1589685454745,"uid":"XgN55c0Jt","edit-time":1589685454763,"edit-email":"samdynamicsllc@gmail.com"},{"string":"And God said, Let the waters under the heaven be gathered together unto one place, and let the dry land appear: and it was so.","create-email":"samdynamicsllc@gmail.com","create-time":1589685454745,"uid":"nPhjbFc_Z","edit-time":1589685454763,"edit-email":"samdynamicsllc@gmail.com"},{"string":"And God called the dry land Earth; and the gathering together of the waters called he Seas: and God saw that it was good.","create-email":"samdynamicsllc@gmail.com","create-time":1589685454745,"uid":"G_4CsWCgm","edit-time":1589685454763,"edit-email":"samdynamicsllc@gmail.com"},{"string":"And God said, Let the earth bring forth grass, the herb yielding seed, and the fruit tree yielding fruit after his kind, whose seed is in itself, upon the earth: and it was so.","create-email":"samdynamicsllc@gmail.com","create-time":1589685454745,"uid":"7-qUhr7gS","edit-time":1589685454763,"edit-email":"samdynamicsllc@gmail.com"},{"string":"And the earth brought forth grass, and herb yielding seed after his kind, and the tree yielding fruit, whose seed was in itself, after his kind: and God saw that it was good.","create-email":"samdynamicsllc@gmail.com","create-time":1589685454745,"uid":"VEOq7dPtJ","edit-time":1589685454763,"edit-email":"samdynamicsllc@gmail.com"},{"string":"And the evening and the morning were the third day.","create-email":"samdynamicsllc@gmail.com","create-time":1589685454745,"uid":"aw9Im6qCY","edit-time":1589685454763,"edit-email":"samdynamicsllc@gmail.com"},{"string":"And God said, Let there be lights in the firmament of the heaven to divide the day from the night; and let them be for signs, and for seasons, and for days, and years:","create-email":"samdynamicsllc@gmail.com","create-time":1589685454745,"uid":"a3O6AQjA5","edit-time":1589685454763,"edit-email":"samdynamicsllc@gmail.com"},{"string":"And let them be for lights in the firmament of the heaven to give light upon the earth: and it was so.","create-email":"samdynamicsllc@gmail.com","create-time":1589685454745,"uid":"VdgEUCSEe","edit-time":1589685454763,"edit-email":"samdynamicsllc@gmail.com"},{"string":"And God made two great lights; the greater light to rule the day, and the lesser light to rule the night: he made the stars also.","create-email":"samdynamicsllc@gmail.com","create-time":1589685454745,"uid":"reqMQ2oSg","edit-time":1589685454763,"edit-email":"samdynamicsllc@gmail.com"},{"string":"And God set them in the firmament of the heaven to give light upon the earth,","create-email":"samdynamicsllc@gmail.com","create-time":1589685454745,"uid":"jpNr8zA7i","edit-time":1589685454763,"edit-email":"samdynamicsllc@gmail.com"},{"string":"And to rule over the day and over the night, and to divide the light from the darkness: and God saw that it was good.","create-email":"samdynamicsllc@gmail.com","create-time":1589685454745,"uid":"pfceKSHqK","edit-time":1589685454763,"edit-email":"samdynamicsllc@gmail.com"},{"string":"And the evening and the morning were the fourth day.","create-email":"samdynamicsllc@gmail.com","create-time":1589685454745,"uid":"w6fNHBgP5","edit-time":1589685454763,"edit-email":"samdynamicsllc@gmail.com"},{"string":"And God said, Let the waters bring forth abundantly the moving creature that hath life, and fowl that may fly above the earth in the open firmament of heaven.","create-email":"samdynamicsllc@gmail.com","create-time":1589685454745,"uid":"OxMuBD50V","edit-time":1589685454763,"edit-email":"samdynamicsllc@gmail.com"},{"string":"And God created great whales, and every living creature that moveth, which the waters brought forth abundantly, after their kind, and every winged fowl after his kind: and God saw that it was good.","create-email":"samdynamicsllc@gmail.com","create-time":1589685454745,"uid":"899dwmmgP","edit-time":1589685454763,"edit-email":"samdynamicsllc@gmail.com"},{"string":"And God blessed them, saying, Be fruitful, and multiply, and fill the waters in the seas, and let fowl multiply in the earth.","create-email":"samdynamicsllc@gmail.com","create-time":1589685454745,"uid":"4zxHfozfi","edit-time":1589685454763,"edit-email":"samdynamicsllc@gmail.com"},{"string":"And the evening and the morning were the fifth day.","create-email":"samdynamicsllc@gmail.com","create-time":1589685454745,"uid":"c2nMexiQz","edit-time":1589685454763,"edit-email":"samdynamicsllc@gmail.com"},{"string":"And God said, Let the earth bring forth the living creature after his kind, cattle, and creeping thing, and beast of the earth after his kind: and it was so.","create-email":"samdynamicsllc@gmail.com","create-time":1589685454745,"uid":"91uyXnBVc","edit-time":1589685454763,"edit-email":"samdynamicsllc@gmail.com"},{"string":"And God made the beast of the earth after his kind, and cattle after their kind, and every thing that creepeth upon the earth after his kind: and God saw that it was good.","create-email":"samdynamicsllc@gmail.com","create-time":1589685454745,"uid":"dsp8fGFqf","edit-time":1589685454763,"edit-email":"samdynamicsllc@gmail.com"},{"string":"And God said, Let us make man in our image, after our likeness: and let them have dominion over the fish of the sea, and over the fowl of the air, and over the cattle, and over all the earth, and over every creeping thing that creepeth upon the earth.","create-email":"samdynamicsllc@gmail.com","create-time":1589685454745,"uid":"8jIKxIBtd","edit-time":1589685454763,"edit-email":"samdynamicsllc@gmail.com"},{"string":"So God created man in his own image, in the image of God created he him; male and female created he them.","create-email":"samdynamicsllc@gmail.com","create-time":1589685454745,"uid":"LS1Cws-m7","edit-time":1589685454763,"edit-email":"samdynamicsllc@gmail.com"},{"string":"And God blessed them, and God said unto them, Be fruitful, and multiply, and replenish the earth, and subdue it: and have dominion over the fish of the sea, and over the fowl of the air, and over every living thing that moveth upon the earth.","create-email":"samdynamicsllc@gmail.com","create-time":1589685454745,"uid":"BOgJcmk7D","edit-time":1589685454763,"edit-email":"samdynamicsllc@gmail.com"},{"string":"And God said, Behold, I have given you every herb bearing seed, which is upon the face of all the earth, and every tree, in the which is the fruit of a tree yielding seed; to you it shall be for meat.","create-email":"samdynamicsllc@gmail.com","create-time":1589685454745,"uid":"BKkDUwX7k","edit-time":1589685454763,"edit-email":"samdynamicsllc@gmail.com"},{"string":"And to every beast of the earth, and to every fowl of the air, and to every thing that creepeth upon the earth, wherein there is life, I have given every green herb for meat: and it was so.","create-email":"samdynamicsllc@gmail.com","create-time":1589685454745,"uid":"OiuAFgd1C","edit-time":1589685454763,"edit-email":"samdynamicsllc@gmail.com"},{"string":"And God saw every thing that he had made, and, behold, it was very good. And the evening and the morning were the sixth day.","create-email":"samdynamicsllc@gmail.com","create-time":1589685454745,"uid":"41EZrxblO","edit-time":1589685454763,"edit-email":"samdynamicsllc@gmail.com"}],"edit-time":1589685346607,"edit-email":"samdynamicsllc@gmail.com"},{"create-email":"samdynamicsllc@gmail.com","create-time":1589685346559,"title":"[[Genesis]] Chapter 2","children":[{"string":"Thus the heavens and the earth were finished, and all the host of them.","create-email":"samdynamicsllc@gmail.com","create-time":1589685483144,"uid":"SVQdGZW9X","edit-time":1589685483168,"edit-email":"samdynamicsllc@gmail.com"},{"string":"And on the seventh day God ended his work which he had made; and he rested on the seventh day from all his work which he had made.","create-email":"samdynamicsllc@gmail.com","create-time":1589685483144,"uid":"L982WJwGF","edit-time":1589685483168,"edit-email":"samdynamicsllc@gmail.com"},{"string":"And God blessed the seventh day, and sanctified it: because that in it he had rested from all his work which God created and made.","create-email":"samdynamicsllc@gmail.com","create-time":1589685483144,"uid":"4uO51FXT0","edit-time":1589685483168,"edit-email":"samdynamicsllc@gmail.com"},{"string":"These are the generations of the heavens and of the earth when they were created, in the day that the LORD God made the earth and the heavens,","create-email":"samdynamicsllc@gmail.com","create-time":1589685483144,"uid":"W3w9NOnU_","edit-time":1589685483168,"edit-email":"samdynamicsllc@gmail.com"},{"string":"And every plant of the field before it was in the earth, and every herb of the field before it grew: for the LORD God had not caused it to rain upon the earth, and there was not a man to till the ground.","create-email":"samdynamicsllc@gmail.com","create-time":1589685483144,"uid":"T5pUTmu5L","edit-time":1589685483168,"edit-email":"samdynamicsllc@gmail.com"},{"string":"But there went up a mist from the earth, and watered the whole face of the ground.","create-email":"samdynamicsllc@gmail.com","create-time":1589685483144,"uid":"OpypggZyp","edit-time":1589685483168,"edit-email":"samdynamicsllc@gmail.com"},{"string":"And the LORD God formed man of the dust of the ground, and breathed into his nostrils the breath of life; and man became a living soul.","create-email":"samdynamicsllc@gmail.com","create-time":1589685483144,"uid":"4jn5pRoa6","edit-time":1589685483168,"edit-email":"samdynamicsllc@gmail.com"},{"string":"And the LORD God planted a garden eastward in Eden; and there he put the man whom he had formed.","create-email":"samdynamicsllc@gmail.com","create-time":1589685483144,"uid":"G_5xRrLVw","edit-time":1589685483169,"edit-email":"samdynamicsllc@gmail.com"},{"string":"And out of the ground made the LORD God to grow every tree that is pleasant to the sight, and good for food; the tree of life also in the midst of the garden, and the tree of knowledge of good and evil.","create-email":"samdynamicsllc@gmail.com","create-time":1589685483144,"uid":"33tkDJOf4","edit-time":1589685483169,"edit-email":"samdynamicsllc@gmail.com"},{"string":"And a river went out of Eden to water the garden; and from thence it was parted, and became into four heads.","create-email":"samdynamicsllc@gmail.com","create-time":1589685483144,"uid":"m6PoV_JUl","edit-time":1589685483169,"edit-email":"samdynamicsllc@gmail.com"},{"string":"The name of the first is Pison: that is it which compasseth the whole land of Havilah, where there is gold;","create-email":"samdynamicsllc@gmail.com","create-time":1589685483144,"uid":"-6e7NMGom","edit-time":1589685483169,"edit-email":"samdynamicsllc@gmail.com"},{"string":"And the gold of that land is good: there is bdellium and the onyx stone.","create-email":"samdynamicsllc@gmail.com","create-time":1589685483144,"uid":"u-xqHvWgw","edit-time":1589685483169,"edit-email":"samdynamicsllc@gmail.com"},{"string":"And the name of the second river is Gihon: the same is it that compasseth the whole land of Ethiopia.","create-email":"samdynamicsllc@gmail.com","create-time":1589685483144,"uid":"YWN54srOy","edit-time":1589685483169,"edit-email":"samdynamicsllc@gmail.com"},{"string":"And the name of the third river is Hiddekel: that is it which goeth toward the east of Assyria. And the fourth river is Euphrates.","create-email":"samdynamicsllc@gmail.com","create-time":1589685483144,"uid":"SY4dlNSFe","edit-time":1589685483169,"edit-email":"samdynamicsllc@gmail.com"},{"string":"And the LORD God took the man, and put him into the garden of Eden to dress it and to keep it.","create-email":"samdynamicsllc@gmail.com","create-time":1589685483144,"uid":"rHvwP11_v","edit-time":1589685483169,"edit-email":"samdynamicsllc@gmail.com"},{"string":"And the LORD God commanded the man, saying, Of every tree of the garden thou mayest freely eat:","create-email":"samdynamicsllc@gmail.com","create-time":1589685483144,"uid":"yboxqFc7k","edit-time":1589685483169,"edit-email":"samdynamicsllc@gmail.com"},{"string":"But of the tree of the knowledge of good and evil, thou shalt not eat of it: for in the day that thou eatest thereof thou shalt surely die.","create-email":"samdynamicsllc@gmail.com","create-time":1589685483144,"uid":"nSSt_iCWN","edit-time":1589685483169,"edit-email":"samdynamicsllc@gmail.com"},{"string":"And the LORD God said, It is not good that the man should be alone; I will make him an help meet for him.","create-email":"samdynamicsllc@gmail.com","create-time":1589685483144,"uid":"WYV0RT4Ap","edit-time":1589685483169,"edit-email":"samdynamicsllc@gmail.com"},{"string":"And out of the ground the LORD God formed every beast of the field, and every fowl of the air; and brought them unto Adam to see what he would call them: and whatsoever Adam called every living creature, that was the name thereof.","create-email":"samdynamicsllc@gmail.com","create-time":1589685483144,"uid":"KngA8gfWK","edit-time":1589685483169,"edit-email":"samdynamicsllc@gmail.com"},{"string":"And Adam gave names to all cattle, and to the fowl of the air, and to every beast of the field; but for Adam there was not found an help meet for him.","create-email":"samdynamicsllc@gmail.com","create-time":1589685483144,"uid":"wz_g_SmRc","edit-time":1589685483169,"edit-email":"samdynamicsllc@gmail.com"},{"string":"And the LORD God caused a deep sleep to fall upon Adam, and he slept: and he took one of his ribs, and closed up the flesh instead thereof;","create-email":"samdynamicsllc@gmail.com","create-time":1589685483144,"uid":"yuL62gGlT","edit-time":1589685483170,"edit-email":"samdynamicsllc@gmail.com"},{"string":"And the rib, which the LORD God had taken from man, made he a woman, and brought her unto the man.","create-email":"samdynamicsllc@gmail.com","create-time":1589685483144,"uid":"KQAkvbYr4","edit-time":1589685483170,"edit-email":"samdynamicsllc@gmail.com"},{"string":"And Adam said, This is now bone of my bones, and flesh of my flesh: she shall be called Woman, because she was taken out of Man.","create-email":"samdynamicsllc@gmail.com","create-time":1589685483144,"uid":"XCqIdV2fw","edit-time":1589685483170,"edit-email":"samdynamicsllc@gmail.com"},{"string":"Therefore shall a man leave his father and his mother, and shall cleave unto his wife: and they shall be one flesh.","create-email":"samdynamicsllc@gmail.com","create-time":1589685483144,"uid":"CG-IZkC8k","edit-time":1589685483170,"edit-email":"samdynamicsllc@gmail.com"},{"string":"And they were both naked, the man and his wife, and were not ashamed.","create-email":"samdynamicsllc@gmail.com","create-time":1589685483144,"uid":"2SB2WTg6k","edit-time":1589685483170,"edit-email":"samdynamicsllc@gmail.com"}],"edit-time":1589685346607,"edit-email":"samdynamicsllc@gmail.com"},{"create-email":"samdynamicsllc@gmail.com","create-time":1589685346559,"title":"[[Genesis]] Chapter 3","edit-time":1589685346607,"edit-email":"samdynamicsllc@gmail.com"},{"create-email":"samdynamicsllc@gmail.com","create-time":1589685346560,"title":"[[Genesis]] Chapter 4","edit-time":1589685346608,"edit-email":"samdynamicsllc@gmail.com"},{"create-email":"samdynamicsllc@gmail.com","create-time":1589685346560,"title":"[[Genesis]] Chapter 5","edit-time":1589685346608,"edit-email":"samdynamicsllc@gmail.com"},{"create-email":"samdynamicsllc@gmail.com","create-time":1589685346561,"title":"[[Genesis]] Chapter 6","edit-time":1589685346608,"edit-email":"samdynamicsllc@gmail.com"},{"create-email":"samdynamicsllc@gmail.com","create-time":1589685346561,"title":"[[Genesis]] Chapter 7","edit-time":1589685346608,"edit-email":"samdynamicsllc@gmail.com"},{"create-email":"samdynamicsllc@gmail.com","create-time":1589685346562,"title":"[[Genesis]] Chapter 8","edit-time":1589685346608,"edit-email":"samdynamicsllc@gmail.com"},{"create-email":"samdynamicsllc@gmail.com","create-time":1589685346562,"title":"[[Genesis]] Chapter 9","edit-time":1589685346609,"edit-email":"samdynamicsllc@gmail.com"},{"create-email":"samdynamicsllc@gmail.com","create-time":1589685346562,"title":"[[Genesis]] Chapter 10","edit-time":1589685346609,"edit-email":"samdynamicsllc@gmail.com"},{"create-email":"samdynamicsllc@gmail.com","create-time":1589685346563,"title":"[[Genesis]] Chapter 11","edit-time":1589685346609,"edit-email":"samdynamicsllc@gmail.com"},{"create-email":"samdynamicsllc@gmail.com","create-time":1589685346564,"title":"[[Genesis]] Chapter 12","edit-time":1589685346609,"edit-email":"samdynamicsllc@gmail.com"},{"create-email":"samdynamicsllc@gmail.com","create-time":1589685346564,"title":"[[Genesis]] Chapter 13","edit-time":1589685346609,"edit-email":"samdynamicsllc@gmail.com"},{"create-email":"samdynamicsllc@gmail.com","create-time":1589685346565,"title":"[[Genesis]] Chapter 14","edit-time":1589685346609,"edit-email":"samdynamicsllc@gmail.com"},{"create-email":"samdynamicsllc@gmail.com","create-time":1589685346565,"title":"[[Genesis]] Chapter 15","edit-time":1589685346609,"edit-email":"samdynamicsllc@gmail.com"},{"create-email":"samdynamicsllc@gmail.com","create-time":1589685346565,"title":"[[Genesis]] Chapter 16","edit-time":1589685346610,"edit-email":"samdynamicsllc@gmail.com"},{"create-email":"samdynamicsllc@gmail.com","create-time":1589685346566,"title":"[[Genesis]] Chapter 17","edit-time":1589685346610,"edit-email":"samdynamicsllc@gmail.com"},{"create-email":"samdynamicsllc@gmail.com","create-time":1589685346566,"title":"[[Genesis]] Chapter 18","edit-time":1589685346610,"edit-email":"samdynamicsllc@gmail.com"},{"create-email":"samdynamicsllc@gmail.com","create-time":1589685346566,"title":"[[Genesis]] Chapter 19","edit-time":1589685346610,"edit-email":"samdynamicsllc@gmail.com"},{"create-email":"samdynamicsllc@gmail.com","create-time":1589685346567,"title":"[[Genesis]] Chapter 20","edit-time":1589685346611,"edit-email":"samdynamicsllc@gmail.com"},{"create-email":"samdynamicsllc@gmail.com","create-time":1589685346568,"title":"[[Genesis]] Chapter 21","edit-time":1589685346611,"edit-email":"samdynamicsllc@gmail.com"},{"create-email":"samdynamicsllc@gmail.com","create-time":1589685346569,"title":"[[Genesis]] Chapter 22","edit-time":1589685346611,"edit-email":"samdynamicsllc@gmail.com"},{"create-email":"samdynamicsllc@gmail.com","create-time":1589685346570,"title":"[[Genesis]] Chapter 23","edit-time":1589685346611,"edit-email":"samdynamicsllc@gmail.com"},{"create-email":"samdynamicsllc@gmail.com","create-time":1589685346570,"title":"[[Genesis]] Chapter 24","edit-time":1589685346611,"edit-email":"samdynamicsllc@gmail.com"},{"create-email":"samdynamicsllc@gmail.com","create-time":1589685346570,"title":"[[Genesis]] Chapter 25","edit-time":1589685346612,"edit-email":"samdynamicsllc@gmail.com"},{"create-email":"samdynamicsllc@gmail.com","create-time":1589685346571,"title":"[[Genesis]] Chapter 26","edit-time":1589685346613,"edit-email":"samdynamicsllc@gmail.com"},{"create-email":"samdynamicsllc@gmail.com","create-time":1589685346571,"title":"[[Genesis]] Chapter 27","edit-time":1589685346613,"edit-email":"samdynamicsllc@gmail.com"},{"create-email":"samdynamicsllc@gmail.com","create-time":1589685346571,"title":"[[Genesis]] Chapter 28","edit-time":1589685346613,"edit-email":"samdynamicsllc@gmail.com"},{"create-email":"samdynamicsllc@gmail.com","create-time":1589685346572,"title":"[[Genesis]] Chapter 29","edit-time":1589685346613,"edit-email":"samdynamicsllc@gmail.com"},{"create-email":"samdynamicsllc@gmail.com","create-time":1589685346572,"title":"[[Genesis]] Chapter 30","edit-time":1589685346613,"edit-email":"samdynamicsllc@gmail.com"},{"create-email":"samdynamicsllc@gmail.com","create-time":1589685346573,"title":"[[Genesis]] Chapter 31","edit-time":1589685346613,"edit-email":"samdynamicsllc@gmail.com"},{"create-email":"samdynamicsllc@gmail.com","create-time":1589685346573,"title":"[[Genesis]] Chapter 32","edit-time":1589685346613,"edit-email":"samdynamicsllc@gmail.com"},{"create-email":"samdynamicsllc@gmail.com","create-time":1589685346575,"title":"[[Genesis]] Chapter 33","edit-time":1589685346614,"edit-email":"samdynamicsllc@gmail.com"},{"create-email":"samdynamicsllc@gmail.com","create-time":1589685346576,"title":"[[Genesis]] Chapter 34","edit-time":1589685346614,"edit-email":"samdynamicsllc@gmail.com"},{"create-email":"samdynamicsllc@gmail.com","create-time":1589685346576,"title":"[[Genesis]] Chapter 35","edit-time":1589685346614,"edit-email":"samdynamicsllc@gmail.com"},{"create-email":"samdynamicsllc@gmail.com","create-time":1589685346576,"title":"[[Genesis]] Chapter 36","edit-time":1589685346614,"edit-email":"samdynamicsllc@gmail.com"},{"create-email":"samdynamicsllc@gmail.com","create-time":1589685346577,"title":"[[Genesis]] Chapter 37","edit-time":1589685346615,"edit-email":"samdynamicsllc@gmail.com"},{"create-email":"samdynamicsllc@gmail.com","create-time":1589685346577,"title":"[[Genesis]] Chapter 38","edit-time":1589685346615,"edit-email":"samdynamicsllc@gmail.com"},{"create-email":"samdynamicsllc@gmail.com","create-time":1589685346578,"title":"[[Genesis]] Chapter 39","edit-time":1589685346615,"edit-email":"samdynamicsllc@gmail.com"},{"create-email":"samdynamicsllc@gmail.com","create-time":1589685346578,"title":"[[Genesis]] Chapter 40","edit-time":1589685346615,"edit-email":"samdynamicsllc@gmail.com"},{"create-email":"samdynamicsllc@gmail.com","create-time":1589685346579,"title":"[[Genesis]] Chapter 41","edit-time":1589685346615,"edit-email":"samdynamicsllc@gmail.com"},{"create-email":"samdynamicsllc@gmail.com","create-time":1589685346579,"title":"[[Genesis]] Chapter 42","edit-time":1589685346615,"edit-email":"samdynamicsllc@gmail.com"},{"create-email":"samdynamicsllc@gmail.com","create-time":1589685346580,"title":"[[Genesis]] Chapter 43","edit-time":1589685346615,"edit-email":"samdynamicsllc@gmail.com"},{"create-email":"samdynamicsllc@gmail.com","create-time":1589685346581,"title":"[[Genesis]] Chapter 44","edit-time":1589685346615,"edit-email":"samdynamicsllc@gmail.com"},{"create-email":"samdynamicsllc@gmail.com","create-time":1589685346581,"title":"[[Genesis]] Chapter 45","edit-time":1589685346615,"edit-email":"samdynamicsllc@gmail.com"},{"create-email":"samdynamicsllc@gmail.com","create-time":1589685346581,"title":"[[Genesis]] Chapter 46","edit-time":1589685346615,"edit-email":"samdynamicsllc@gmail.com"},{"create-email":"samdynamicsllc@gmail.com","create-time":1589685346582,"title":"[[Genesis]] Chapter 47","edit-time":1589685346615,"edit-email":"samdynamicsllc@gmail.com"},{"create-email":"samdynamicsllc@gmail.com","create-time":1589685346582,"title":"[[Genesis]] Chapter 48","edit-time":1589685346616,"edit-email":"samdynamicsllc@gmail.com"},{"create-email":"samdynamicsllc@gmail.com","create-time":1589685346583,"title":"[[Genesis]] Chapter 49","edit-time":1589685346616,"edit-email":"samdynamicsllc@gmail.com"},{"create-email":"samdynamicsllc@gmail.com","create-time":1589685346583,"title":"[[Genesis]] Chapter 50","edit-time":1589685346616,"edit-email":"samdynamicsllc@gmail.com"},{"create-email":"samdynamicsllc@gmail.com","create-time":1589685687155,"title":"[[Exodus]] Chapter 1","children":[{"string":"Now these are the names of the children of Israel, which came into Egypt; every man and his household came with Jacob.","create-email":"samdynamicsllc@gmail.com","create-time":1589685711289,"uid":"ivsR6qfsn","edit-time":1589685711298,"edit-email":"samdynamicsllc@gmail.com"},{"string":"Reuben, Simeon, Levi, and Judah,","create-email":"samdynamicsllc@gmail.com","create-time":1589685711289,"uid":"vJfwXwJ0D","edit-time":1589685711298,"edit-email":"samdynamicsllc@gmail.com"},{"string":"Issachar, Zebulun, and Benjamin,","create-email":"samdynamicsllc@gmail.com","create-time":1589685711289,"uid":"8IagPPtfk","edit-time":1589685711298,"edit-email":"samdynamicsllc@gmail.com"},{"string":"Dan, and Naphtali, Gad, and Asher.","create-email":"samdynamicsllc@gmail.com","create-time":1589685711289,"uid":"Bda4nosZ0","edit-time":1589685711298,"edit-email":"samdynamicsllc@gmail.com"},{"string":"And all the souls that came out of the loins of Jacob were seventy souls: for Joseph was in Egypt already.","create-email":"samdynamicsllc@gmail.com","create-time":1589685711289,"uid":"JWVy--CqL","edit-time":1589685711298,"edit-email":"samdynamicsllc@gmail.com"},{"string":"And Joseph died, and all his brethren, and all that generation.","create-email":"samdynamicsllc@gmail.com","create-time":1589685711289,"uid":"USFZgiyUW","edit-time":1589685711298,"edit-email":"samdynamicsllc@gmail.com"},{"string":"And the children of Israel were fruitful, and increased abundantly, and multiplied, and waxed exceeding mighty; and the land was filled with them.","create-email":"samdynamicsllc@gmail.com","create-time":1589685711289,"uid":"xvStfH4Zb","edit-time":1589685711298,"edit-email":"samdynamicsllc@gmail.com"},{"string":"Now there arose up a new king over Egypt, which knew not Joseph.","create-email":"samdynamicsllc@gmail.com","create-time":1589685711289,"uid":"N9-wMyfO6","edit-time":1589685711299,"edit-email":"samdynamicsllc@gmail.com"},{"string":"And he said unto his people, Behold, the people of the children of Israel are more and mightier than we:","create-email":"samdynamicsllc@gmail.com","create-time":1589685711289,"uid":"8dE_OiPmt","edit-time":1589685711299,"edit-email":"samdynamicsllc@gmail.com"},{"string":"Come on, let us deal wisely with them; lest they multiply, and it come to pass, that, when there falleth out any war, they join also unto our enemies, and fight against us, and so get them up out of the land.","create-email":"samdynamicsllc@gmail.com","create-time":1589685711289,"uid":"047Gs9CG-","edit-time":1589685711299,"edit-email":"samdynamicsllc@gmail.com"},{"string":"Therefore they did set over them taskmasters to afflict them with their burdens. And they built for Pharaoh treasure cities, Pithom and Raamses.","create-email":"samdynamicsllc@gmail.com","create-time":1589685711289,"uid":"DRHYhZwvH","edit-time":1589685711299,"edit-email":"samdynamicsllc@gmail.com"},{"string":"But the more they afflicted them, the more they multiplied and grew. And they were grieved because of the children of Israel.","create-email":"samdynamicsllc@gmail.com","create-time":1589685711289,"uid":"lamMq4mWe","edit-time":1589685711299,"edit-email":"samdynamicsllc@gmail.com"},{"string":"And the Egyptians made the children of Israel to serve with rigor:","create-email":"samdynamicsllc@gmail.com","create-time":1589685711289,"uid":"TnUpC2lP2","edit-time":1589685711300,"edit-email":"samdynamicsllc@gmail.com"},{"string":"And they made their lives bitter with hard bondage, in mortar, and in brick, and in all manner of service in the field: all their service, wherein they made them serve, was with rigor.","create-email":"samdynamicsllc@gmail.com","create-time":1589685711289,"uid":"-oHdRq6LU","edit-time":1589685711300,"edit-email":"samdynamicsllc@gmail.com"},{"string":"And the king of Egypt spake to the Hebrew midwives, of which the name of the one was Shiphrah, and the name of the other Puah:","create-email":"samdynamicsllc@gmail.com","create-time":1589685711289,"uid":"vvIOHBr67","edit-time":1589685711300,"edit-email":"samdynamicsllc@gmail.com"},{"string":"And he said, When ye do the office of a midwife to the Hebrew women, and see them upon the stools; if it be a son, then ye shall kill him: but if it be a daughter, then she shall live.","create-email":"samdynamicsllc@gmail.com","create-time":1589685711289,"uid":"vF9uimW3g","edit-time":1589685711300,"edit-email":"samdynamicsllc@gmail.com"},{"string":"But the midwives feared God, and did not as the king of Egypt commanded them, but saved the men children alive.","create-email":"samdynamicsllc@gmail.com","create-time":1589685711289,"uid":"05nZf-D6_","edit-time":1589685711300,"edit-email":"samdynamicsllc@gmail.com"},{"string":"And the king of Egypt called for the midwives, and said unto them, Why have ye done this thing, and have saved the men children alive?","create-email":"samdynamicsllc@gmail.com","create-time":1589685711289,"uid":"TNE1xx6X5","edit-time":1589685711300,"edit-email":"samdynamicsllc@gmail.com"},{"string":"And the midwives said unto Pharaoh, Because the Hebrew women are not as the Egyptian women; for they are lively, and are delivered ere the midwives come in unto them.","create-email":"samdynamicsllc@gmail.com","create-time":1589685711289,"uid":"QX1RCCO6w","edit-time":1589685711300,"edit-email":"samdynamicsllc@gmail.com"},{"string":"Therefore God dealt well with the midwives: and the people multiplied, and waxed very mighty.","create-email":"samdynamicsllc@gmail.com","create-time":1589685711289,"uid":"RRf0bYujg","edit-time":1589685711300,"edit-email":"samdynamicsllc@gmail.com"},{"string":"And it came to pass, because the midwives feared God, that he made them houses.","create-email":"samdynamicsllc@gmail.com","create-time":1589685711289,"uid":"icj015nBt","edit-time":1589685711300,"edit-email":"samdynamicsllc@gmail.com"},{"string":"And Pharaoh charged all his people, saying, Every son that is born ye shall cast into the river, and every daughter ye shall save alive.","create-email":"samdynamicsllc@gmail.com","create-time":1589685711289,"uid":"Mq9M4iLWX","edit-time":1589685711300,"edit-email":"samdynamicsllc@gmail.com"}],"edit-time":1589685687209,"edit-email":"samdynamicsllc@gmail.com"},{"create-email":"samdynamicsllc@gmail.com","create-time":1589685687156,"title":"[[Exodus]] Chapter 2","children":[{"string":"And there went a man of the house of Levi, and took to wife a daughter of Levi.","create-email":"samdynamicsllc@gmail.com","create-time":1589685727992,"uid":"4ji6OPnoQ","edit-time":1589685728003,"edit-email":"samdynamicsllc@gmail.com"},{"string":"And the woman conceived, and bare a son: and when she saw him that he was a goodly child, she hid him three months.","create-email":"samdynamicsllc@gmail.com","create-time":1589685727992,"uid":"xYQ7VruNw","edit-time":1589685728003,"edit-email":"samdynamicsllc@gmail.com"},{"string":"And when she could not longer hide him, she took for him an ark of bulrushes, and daubed it with slime and with pitch, and put the child therein; and she laid it in the flags by the river's brink.","create-email":"samdynamicsllc@gmail.com","create-time":1589685727992,"uid":"VM4gv5c1e","edit-time":1589685728003,"edit-email":"samdynamicsllc@gmail.com"},{"string":"And his sister stood afar off, to wit what would be done to him.","create-email":"samdynamicsllc@gmail.com","create-time":1589685727992,"uid":"6DtZvEwdt","edit-time":1589685728003,"edit-email":"samdynamicsllc@gmail.com"},{"string":"And the daughter of Pharaoh came down to wash herself at the river; and her maidens walked along by the river's side; and when she saw the ark among the flags, she sent her maid to fetch it.","create-email":"samdynamicsllc@gmail.com","create-time":1589685727992,"uid":"D18hp3ulj","edit-time":1589685728003,"edit-email":"samdynamicsllc@gmail.com"},{"string":"And when she had opened it, she saw the child: and, behold, the babe wept. And she had compassion on him, and said, This is one of the Hebrews' children.","create-email":"samdynamicsllc@gmail.com","create-time":1589685727992,"uid":"RFcl7MlDc","edit-time":1589685728003,"edit-email":"samdynamicsllc@gmail.com"},{"string":"Then said his sister to Pharaoh's daughter, Shall I go and call to thee a nurse of the Hebrew women, that she may nurse the child for thee?","create-email":"samdynamicsllc@gmail.com","create-time":1589685727992,"uid":"7r7jSu61k","edit-time":1589685728003,"edit-email":"samdynamicsllc@gmail.com"},{"string":"And Pharaoh's daughter said to her, Go. And the maid went and called the child's mother.","create-email":"samdynamicsllc@gmail.com","create-time":1589685727992,"uid":"LAU70J1aW","edit-time":1589685728003,"edit-email":"samdynamicsllc@gmail.com"},{"string":"And Pharaoh's daughter said unto her, Take this child away, and nurse it for me, and I will give thee thy wages. And the women took the child, and nursed it.","create-email":"samdynamicsllc@gmail.com","create-time":1589685727992,"uid":"4mITQ1WWF","edit-time":1589685728003,"edit-email":"samdynamicsllc@gmail.com"},{"string":"And the child grew, and she brought him unto Pharaoh's daughter, and he became her son. And she called his name Moses: and she said, Because I drew him out of the water.","create-email":"samdynamicsllc@gmail.com","create-time":1589685727992,"uid":"hGbPvThs5","edit-time":1589685728003,"edit-email":"samdynamicsllc@gmail.com"},{"string":"And it came to pass in those days, when Moses was grown, that he went out unto his brethren, and looked on their burdens: and he spied an Egyptian smiting an Hebrew, one of his brethren.","create-email":"samdynamicsllc@gmail.com","create-time":1589685727992,"uid":"WEpv0qCeq","edit-time":1589685728003,"edit-email":"samdynamicsllc@gmail.com"},{"string":"And he looked this way and that way, and when he saw that there was no man, he slew the Egyptian, and hid him in the sand.","create-email":"samdynamicsllc@gmail.com","create-time":1589685727992,"uid":"Bn58bdMvR","edit-time":1589685728003,"edit-email":"samdynamicsllc@gmail.com"},{"string":"And when he went out the second day, behold, two men of the Hebrews strove together: and he said to him that did the wrong, Wherefore smitest thou thy fellow?","create-email":"samdynamicsllc@gmail.com","create-time":1589685727992,"uid":"Pme_of6yz","edit-time":1589685728003,"edit-email":"samdynamicsllc@gmail.com"},{"string":"And he said, Who made thee a prince and a judge over us? intendest thou to kill me, as thou killedst the Egyptian? And Moses feared, and said, Surely this thing is known.","create-email":"samdynamicsllc@gmail.com","create-time":1589685727992,"uid":"D9PZUWs7p","edit-time":1589685728003,"edit-email":"samdynamicsllc@gmail.com"},{"string":"Now when Pharaoh heard this thing, he sought to slay Moses. But Moses fled from the face of Pharaoh, and dwelt in the land of Midian: and he sat down by a well.","create-email":"samdynamicsllc@gmail.com","create-time":1589685727992,"uid":"ZIRpqHWVw","edit-time":1589685728003,"edit-email":"samdynamicsllc@gmail.com"},{"string":"Now the priest of Midian had seven daughters: and they came and drew water, and filled the troughs to water their father's flock.","create-email":"samdynamicsllc@gmail.com","create-time":1589685727992,"uid":"ZWVjgQnww","edit-time":1589685728003,"edit-email":"samdynamicsllc@gmail.com"},{"string":"And the shepherds came and drove them away: but Moses stood up and helped them, and watered their flock.","create-email":"samdynamicsllc@gmail.com","create-time":1589685727992,"uid":"jE3k9RaqO","edit-time":1589685728003,"edit-email":"samdynamicsllc@gmail.com"},{"string":"And when they came to Reuel their father, he said, How is it that ye are come so soon to day?","create-email":"samdynamicsllc@gmail.com","create-time":1589685727992,"uid":"J9pGnMQYi","edit-time":1589685728003,"edit-email":"samdynamicsllc@gmail.com"},{"string":"And they said, An Egyptian delivered us out of the hand of the shepherds, and also drew water enough for us, and watered the flock.","create-email":"samdynamicsllc@gmail.com","create-time":1589685727992,"uid":"TSc7D6uZZ","edit-time":1589685728003,"edit-email":"samdynamicsllc@gmail.com"},{"string":"And he said unto his daughters, And where is he? why is it that ye have left the man? call him, that he may eat bread.","create-email":"samdynamicsllc@gmail.com","create-time":1589685727992,"uid":"XbzTa68Th","edit-time":1589685728003,"edit-email":"samdynamicsllc@gmail.com"},{"string":"And Moses was content to dwell with the man: and he gave Moses Zipporah his daughter.","create-email":"samdynamicsllc@gmail.com","create-time":1589685727992,"uid":"lhgtUt_0K","edit-time":1589685728003,"edit-email":"samdynamicsllc@gmail.com"},{"string":"And she bare him a son, and he called his name Gershom: for he said, I have been a stranger in a strange land.","create-email":"samdynamicsllc@gmail.com","create-time":1589685727992,"uid":"3ewPWOPf8","edit-time":1589685728003,"edit-email":"samdynamicsllc@gmail.com"},{"string":"And it came to pass in process of time, that the king of Egypt died: and the children of Israel sighed by reason of the bondage, and they cried, and their cry came up unto God by reason of the bondage.","create-email":"samdynamicsllc@gmail.com","create-time":1589685727992,"uid":"2f54oVsPK","edit-time":1589685728003,"edit-email":"samdynamicsllc@gmail.com"},{"string":"And God heard their groaning, and God remembered his covenant with Abraham, with Isaac, and with Jacob.","create-email":"samdynamicsllc@gmail.com","create-time":1589685727992,"uid":"fYAyRipyE","edit-time":1589685728003,"edit-email":"samdynamicsllc@gmail.com"},{"string":"And God looked upon the children of Israel, and God had respect unto them.","create-email":"samdynamicsllc@gmail.com","create-time":1589685727992,"uid":"e6Fm7u0mD","edit-time":1589685728003,"edit-email":"samdynamicsllc@gmail.com"}],"edit-time":1589685687209,"edit-email":"samdynamicsllc@gmail.com"},{"create-email":"samdynamicsllc@gmail.com","create-time":1589685687157,"title":"[[Exodus]] Chapter 3","edit-time":1589685687209,"edit-email":"samdynamicsllc@gmail.com"},{"create-email":"samdynamicsllc@gmail.com","create-time":1589685687157,"title":"[[Exodus]] Chapter 4","edit-time":1589685687209,"edit-email":"samdynamicsllc@gmail.com"},{"create-email":"samdynamicsllc@gmail.com","create-time":1589685687158,"title":"[[Exodus]] Chapter 5","edit-time":1589685687209,"edit-email":"samdynamicsllc@gmail.com"},{"create-email":"samdynamicsllc@gmail.com","create-time":1589685687159,"title":"[[Exodus]] Chapter 6","edit-time":1589685687209,"edit-email":"samdynamicsllc@gmail.com"},{"create-email":"samdynamicsllc@gmail.com","create-time":1589685687160,"title":"[[Exodus]] Chapter 7","edit-time":1589685687209,"edit-email":"samdynamicsllc@gmail.com"},{"create-email":"samdynamicsllc@gmail.com","create-time":1589685687160,"title":"[[Exodus]] Chapter 8","edit-time":1589685687209,"edit-email":"samdynamicsllc@gmail.com"},{"create-email":"samdynamicsllc@gmail.com","create-time":1589685687161,"title":"[[Exodus]] Chapter 9","edit-time":1589685687209,"edit-email":"samdynamicsllc@gmail.com"},{"create-email":"samdynamicsllc@gmail.com","create-time":1589685687162,"title":"[[Exodus]] Chapter 10","edit-time":1589685687209,"edit-email":"samdynamicsllc@gmail.com"},{"create-email":"samdynamicsllc@gmail.com","create-time":1589685687162,"title":"[[Exodus]] Chapter 11","edit-time":1589685687210,"edit-email":"samdynamicsllc@gmail.com"},{"create-email":"samdynamicsllc@gmail.com","create-time":1589685687163,"title":"[[Exodus]] Chapter 12","edit-time":1589685687210,"edit-email":"samdynamicsllc@gmail.com"},{"create-email":"samdynamicsllc@gmail.com","create-time":1589685687163,"title":"[[Exodus]] Chapter 13","edit-time":1589685687210,"edit-email":"samdynamicsllc@gmail.com"},{"create-email":"samdynamicsllc@gmail.com","create-time":1589685687164,"title":"[[Exodus]] Chapter 14","edit-time":1589685687210,"edit-email":"samdynamicsllc@gmail.com"},{"create-email":"samdynamicsllc@gmail.com","create-time":1589685687164,"title":"[[Exodus]] Chapter 15","edit-time":1589685687210,"edit-email":"samdynamicsllc@gmail.com"},{"create-email":"samdynamicsllc@gmail.com","create-time":1589685687165,"title":"[[Exodus]] Chapter 16","edit-time":1589685687210,"edit-email":"samdynamicsllc@gmail.com"},{"create-email":"samdynamicsllc@gmail.com","create-time":1589685687165,"title":"[[Exodus]] Chapter 17","edit-time":1589685687210,"edit-email":"samdynamicsllc@gmail.com"},{"create-email":"samdynamicsllc@gmail.com","create-time":1589685687166,"title":"[[Exodus]] Chapter 18","edit-time":1589685687210,"edit-email":"samdynamicsllc@gmail.com"},{"create-email":"samdynamicsllc@gmail.com","create-time":1589685687167,"title":"[[Exodus]] Chapter 19","edit-time":1589685687211,"edit-email":"samdynamicsllc@gmail.com"},{"create-email":"samdynamicsllc@gmail.com","create-time":1589685687167,"title":"[[Exodus]] Chapter 20","edit-time":1589685687211,"edit-email":"samdynamicsllc@gmail.com"},{"create-email":"samdynamicsllc@gmail.com","create-time":1589685687169,"title":"[[Exodus]] Chapter 21","edit-time":1589685687212,"edit-email":"samdynamicsllc@gmail.com"},{"create-email":"samdynamicsllc@gmail.com","create-time":1589685687169,"title":"[[Exodus]] Chapter 22","edit-time":1589685687212,"edit-email":"samdynamicsllc@gmail.com"},{"create-email":"samdynamicsllc@gmail.com","create-time":1589685687170,"title":"[[Exodus]] Chapter 23","edit-time":1589685687212,"edit-email":"samdynamicsllc@gmail.com"},{"create-email":"samdynamicsllc@gmail.com","create-time":1589685687170,"title":"[[Exodus]] Chapter 24","edit-time":1589685687212,"edit-email":"samdynamicsllc@gmail.com"},{"create-email":"samdynamicsllc@gmail.com","create-time":1589685687171,"title":"[[Exodus]] Chapter 25","edit-time":1589685687212,"edit-email":"samdynamicsllc@gmail.com"},{"create-email":"samdynamicsllc@gmail.com","create-time":1589685687171,"title":"[[Exodus]] Chapter 26","edit-time":1589685687212,"edit-email":"samdynamicsllc@gmail.com"},{"create-email":"samdynamicsllc@gmail.com","create-time":1589685687172,"title":"[[Exodus]] Chapter 27","edit-time":1589685687212,"edit-email":"samdynamicsllc@gmail.com"},{"create-email":"samdynamicsllc@gmail.com","create-time":1589685687172,"title":"[[Exodus]] Chapter 28","edit-time":1589685687212,"edit-email":"samdynamicsllc@gmail.com"},{"create-email":"samdynamicsllc@gmail.com","create-time":1589685687173,"title":"[[Exodus]] Chapter 29","edit-time":1589685687212,"edit-email":"samdynamicsllc@gmail.com"},{"create-email":"samdynamicsllc@gmail.com","create-time":1589685687174,"title":"[[Exodus]] Chapter 30","edit-time":1589685687212,"edit-email":"samdynamicsllc@gmail.com"},{"create-email":"samdynamicsllc@gmail.com","create-time":1589685687174,"title":"[[Exodus]] Chapter 31","edit-time":1589685687212,"edit-email":"samdynamicsllc@gmail.com"},{"create-email":"samdynamicsllc@gmail.com","create-time":1589685687175,"title":"[[Exodus]] Chapter 32","edit-time":1589685687213,"edit-email":"samdynamicsllc@gmail.com"},{"create-email":"samdynamicsllc@gmail.com","create-time":1589685687177,"title":"[[Exodus]] Chapter 33","edit-time":1589685687213,"edit-email":"samdynamicsllc@gmail.com"},{"create-email":"samdynamicsllc@gmail.com","create-time":1589685687178,"title":"[[Exodus]] Chapter 34","edit-time":1589685687213,"edit-email":"samdynamicsllc@gmail.com"},{"create-email":"samdynamicsllc@gmail.com","create-time":1589685687178,"title":"[[Exodus]] Chapter 35","edit-time":1589685687213,"edit-email":"samdynamicsllc@gmail.com"},{"create-email":"samdynamicsllc@gmail.com","create-time":1589685687179,"title":"[[Exodus]] Chapter 36","edit-time":1589685687213,"edit-email":"samdynamicsllc@gmail.com"},{"create-email":"samdynamicsllc@gmail.com","create-time":1589685687180,"title":"[[Exodus]] Chapter 37","edit-time":1589685687213,"edit-email":"samdynamicsllc@gmail.com"},{"create-email":"samdynamicsllc@gmail.com","create-time":1589685687181,"title":"[[Exodus]] Chapter 38","edit-time":1589685687213,"edit-email":"samdynamicsllc@gmail.com"},{"create-email":"samdynamicsllc@gmail.com","create-time":1589685687181,"title":"[[Exodus]] Chapter 39","edit-time":1589685687213,"edit-email":"samdynamicsllc@gmail.com"},{"create-email":"samdynamicsllc@gmail.com","create-time":1589685687182,"title":"[[Exodus]] Chapter 40","edit-time":1589685687213,"edit-email":"samdynamicsllc@gmail.com"}]