Page,Book,Testament
[[Genesis]] 1,[[Genesis]],[[Old Testament]]
[[Genesis]] 2,[[Genesis]],[[Old Testament]]
[[Genesis]] 3,[[Genesis]],[[Old Testament]]
[[Genesis]] 4,[[Genesis]],[[Old Testament]]
[[Genesis]] 5,[[Genesis]],[[Old Testament]]
[[Genesis]] 6,[[Genesis]],[[Old Testament]]
[[Genesis]] 7,[[Genesis]],[[Old Testament]]
[[Genesis]] 8,[[Genesis]],[[Old Testament]]
[[Genesis]] 9,[[Genesis]],[[Old Testament]]
[[Genesis]] 10,[[Genesis]],[[Old Testament]]
[[Genesis]] 11,[[Genesis]],[[Old Testament]]
[[Genesis]] 12,[[Genesis]],[[Old Testament]]
[[Genesis]] 13,[[Genesis]],[[Old Testament]]
[[Genesis]] 14,[[Genesis]],[[Old Testament]]
[[Genesis]] 15,[[Genesis]],[[Old Testament]]
[[Genesis]] 16,[[Genesis]],[[Old Testament]]
[[Genesis]] 17,[[Genesis]],[[Old Testament]]
[[Genesis]] 18,[[Genesis]],[[Old Testament]]
[[Genesis]] 19,[[Genesis]],[[Old Testament]]
[[Genesis]] 20,[[Genesis]],[[Old Testament]]
[[Genesis]] 21,[[Genesis]],[[Old Testament]]
[[Genesis]] 22,[[Genesis]],[[Old Testament]]
[[Genesis]] 23,[[Genesis]],[[Old Testament]]
[[Genesis]] 24,[[Genesis]],[[Old Testament]]
[[Genesis]] 25,[[Genesis]],[[Old Testament]]
[[Genesis]] 26,[[Genesis]],[[Old Testament]]
[[Genesis]] 27,[[Genesis]],[[Old Testament]]
[[Genesis]] 28,[[Genesis]],[[Old Testament]]
[[Genesis]] 29,[[Genesis]],[[Old Testament]]
[[Genesis]] 30,[[Genesis]],[[Old Testament]]
[[Genesis]] 31,[[Genesis]],[[Old Testament]]
[[Genesis]] 32,[[Genesis]],[[Old Testament]]
[[Genesis]] 33,[[Genesis]],[[Old Testament]]
[[Genesis]] 34,[[Genesis]],[[Old Testament]]
[[Genesis]] 35,[[Genesis]],[[Old Testament]]
[[Genesis]] 36,[[Genesis]],[[Old Testament]]
[[Genesis]] 37,[[Genesis]],[[Old Testament]]
[[Genesis]] 38,[[Genesis]],[[Old Testament]]
[[Genesis]] 39,[[Genesis]],[[Old Testament]]
[[Genesis]] 40,[[Genesis]],[[Old Testament]]
[[Genesis]] 41,[[Genesis]],[[Old Testament]]
[[Genesis]] 42,[[Genesis]],[[Old Testament]]
[[Genesis]] 43,[[Genesis]],[[Old Testament]]
[[Genesis]] 44,[[Genesis]],[[Old Testament]]
[[Genesis]] 45,[[Genesis]],[[Old Testament]]
[[Genesis]] 46,[[Genesis]],[[Old Testament]]
[[Genesis]] 47,[[Genesis]],[[Old Testament]]
[[Genesis]] 48,[[Genesis]],[[Old Testament]]
[[Genesis]] 49,[[Genesis]],[[Old Testament]]
[[Genesis]] 50,[[Genesis]],[[Old Testament]]
[[Exodus]] 1,[[Exodus]],[[Old Testament]]
[[Exodus]] 2,[[Exodus]],[[Old Testament]]
[[Exodus]] 3,[[Exodus]],[[Old Testament]]
[[Exodus]] 4,[[Exodus]],[[Old Testament]]
[[Exodus]] 5,[[Exodus]],[[Old Testament]]
[[Exodus]] 6,[[Exodus]],[[Old Testament]]
[[Exodus]] 7,[[Exodus]],[[Old Testament]]
[[Exodus]] 8,[[Exodus]],[[Old Testament]]
[[Exodus]] 9,[[Exodus]],[[Old Testament]]
[[Exodus]] 10,[[Exodus]],[[Old Testament]]
[[Exodus]] 11,[[Exodus]],[[Old Testament]]
[[Exodus]] 12,[[Exodus]],[[Old Testament]]
[[Exodus]] 13,[[Exodus]],[[Old Testament]]
[[Exodus]] 14,[[Exodus]],[[Old Testament]]
[[Exodus]] 15,[[Exodus]],[[Old Testament]]
[[Exodus]] 16,[[Exodus]],[[Old Testament]]
[[Exodus]] 17,[[Exodus]],[[Old Testament]]
[[Exodus]] 18,[[Exodus]],[[Old Testament]]
[[Exodus]] 19,[[Exodus]],[[Old Testament]]
[[Exodus]] 20,[[Exodus]],[[Old Testament]]
[[Exodus]] 21,[[Exodus]],[[Old Testament]]
[[Exodus]] 22,[[Exodus]],[[Old Testament]]
[[Exodus]] 23,[[Exodus]],[[Old Testament]]
[[Exodus]] 24,[[Exodus]],[[Old Testament]]
[[Exodus]] 25,[[Exodus]],[[Old Testament]]
[[Exodus]] 26,[[Exodus]],[[Old Testament]]
[[Exodus]] 27,[[Exodus]],[[Old Testament]]
[[Exodus]] 28,[[Exodus]],[[Old Testament]]
[[Exodus]] 29,[[Exodus]],[[Old Testament]]
[[Exodus]] 30,[[Exodus]],[[Old Testament]]
[[Exodus]] 31,[[Exodus]],[[Old Testament]]
[[Exodus]] 32,[[Exodus]],[[Old Testament]]
[[Exodus]] 33,[[Exodus]],[[Old Testament]]
[[Exodus]] 34,[[Exodus]],[[Old Testament]]
[[Exodus]] 35,[[Exodus]],[[Old Testament]]
[[Exodus]] 36,[[Exodus]],[[Old Testament]]
[[Exodus]] 37,[[Exodus]],[[Old Testament]]
[[Exodus]] 38,[[Exodus]],[[Old Testament]]
[[Exodus]] 39,[[Exodus]],[[Old Testament]]
[[Exodus]] 40,[[Exodus]],[[Old Testament]]
[[Leviticus]] 1,[[Leviticus]],[[Old Testament]]
[[Leviticus]] 2,[[Leviticus]],[[Old Testament]]
[[Leviticus]] 3,[[Leviticus]],[[Old Testament]]
[[Leviticus]] 4,[[Leviticus]],[[Old Testament]]
[[Leviticus]] 5,[[Leviticus]],[[Old Testament]]
[[Leviticus]] 6,[[Leviticus]],[[Old Testament]]
[[Leviticus]] 7,[[Leviticus]],[[Old Testament]]
[[Leviticus]] 8,[[Leviticus]],[[Old Testament]]
[[Leviticus]] 9,[[Leviticus]],[[Old Testament]]
[[Leviticus]] 10,[[Leviticus]],[[Old Testament]]
[[Leviticus]] 11,[[Leviticus]],[[Old Testament]]
[[Leviticus]] 12,[[Leviticus]],[[Old Testament]]
[[Leviticus]] 13,[[Leviticus]],[[Old Testament]]
[[Leviticus]] 14,[[Leviticus]],[[Old Testament]]
[[Leviticus]] 15,[[Leviticus]],[[Old Testament]]
[[Leviticus]] 16,[[Leviticus]],[[Old Testament]]
[[Leviticus]] 17,[[Leviticus]],[[Old Testament]]
[[Leviticus]] 18,[[Leviticus]],[[Old Testament]]
[[Leviticus]] 19,[[Leviticus]],[[Old Testament]]
[[Leviticus]] 20,[[Leviticus]],[[Old Testament]]
[[Leviticus]] 21,[[Leviticus]],[[Old Testament]]
[[Leviticus]] 22,[[Leviticus]],[[Old Testament]]
[[Leviticus]] 23,[[Leviticus]],[[Old Testament]]
[[Leviticus]] 24,[[Leviticus]],[[Old Testament]]
[[Leviticus]] 25,[[Leviticus]],[[Old Testament]]
[[Leviticus]] 26,[[Leviticus]],[[Old Testament]]
[[Leviticus]] 27,[[Leviticus]],[[Old Testament]]
[[Numbers]] 1,[[Numbers]],[[Old Testament]]
[[Numbers]] 2,[[Numbers]],[[Old Testament]]
[[Numbers]] 3,[[Numbers]],[[Old Testament]]
[[Numbers]] 4,[[Numbers]],[[Old Testament]]
[[Numbers]] 5,[[Numbers]],[[Old Testament]]
[[Numbers]] 6,[[Numbers]],[[Old Testament]]
[[Numbers]] 7,[[Numbers]],[[Old Testament]]
[[Numbers]] 8,[[Numbers]],[[Old Testament]]
[[Numbers]] 9,[[Numbers]],[[Old Testament]]
[[Numbers]] 10,[[Numbers]],[[Old Testament]]
[[Numbers]] 11,[[Numbers]],[[Old Testament]]
[[Numbers]] 12,[[Numbers]],[[Old Testament]]
[[Numbers]] 13,[[Numbers]],[[Old Testament]]
[[Numbers]] 14,[[Numbers]],[[Old Testament]]
[[Numbers]] 15,[[Numbers]],[[Old Testament]]
[[Numbers]] 16,[[Numbers]],[[Old Testament]]
[[Numbers]] 17,[[Numbers]],[[Old Testament]]
[[Numbers]] 18,[[Numbers]],[[Old Testament]]
[[Numbers]] 19,[[Numbers]],[[Old Testament]]
[[Numbers]] 20,[[Numbers]],[[Old Testament]]
[[Numbers]] 21,[[Numbers]],[[Old Testament]]
[[Numbers]] 22,[[Numbers]],[[Old Testament]]
[[Numbers]] 23,[[Numbers]],[[Old Testament]]
[[Numbers]] 24,[[Numbers]],[[Old Testament]]
[[Numbers]] 25,[[Numbers]],[[Old Testament]]
[[Numbers]] 26,[[Numbers]],[[Old Testament]]
[[Numbers]] 27,[[Numbers]],[[Old Testament]]
[[Numbers]] 28,[[Numbers]],[[Old Testament]]
[[Numbers]] 29,[[Numbers]],[[Old Testament]]
[[Numbers]] 30,[[Numbers]],[[Old Testament]]
[[Numbers]] 31,[[Numbers]],[[Old Testament]]
[[Numbers]] 32,[[Numbers]],[[Old Testament]]
[[Numbers]] 33,[[Numbers]],[[Old Testament]]
[[Numbers]] 34,[[Numbers]],[[Old Testament]]
[[Numbers]] 35,[[Numbers]],[[Old Testament]]
[[Numbers]] 36,[[Numbers]],[[Old Testament]]
[[Deuteronomy]] 1,[[Deuteronomy]],[[Old Testament]]
[[Deuteronomy]] 2,[[Deuteronomy]],[[Old Testament]]
[[Deuteronomy]] 3,[[Deuteronomy]],[[Old Testament]]
[[Deuteronomy]] 4,[[Deuteronomy]],[[Old Testament]]
[[Deuteronomy]] 5,[[Deuteronomy]],[[Old Testament]]
[[Deuteronomy]] 6,[[Deuteronomy]],[[Old Testament]]
[[Deuteronomy]] 7,[[Deuteronomy]],[[Old Testament]]
[[Deuteronomy]] 8,[[Deuteronomy]],[[Old Testament]]
[[Deuteronomy]] 9,[[Deuteronomy]],[[Old Testament]]
[[Deuteronomy]] 10,[[Deuteronomy]],[[Old Testament]]
[[Deuteronomy]] 11,[[Deuteronomy]],[[Old Testament]]
[[Deuteronomy]] 12,[[Deuteronomy]],[[Old Testament]]
[[Deuteronomy]] 13,[[Deuteronomy]],[[Old Testament]]
[[Deuteronomy]] 14,[[Deuteronomy]],[[Old Testament]]
[[Deuteronomy]] 15,[[Deuteronomy]],[[Old Testament]]
[[Deuteronomy]] 16,[[Deuteronomy]],[[Old Testament]]
[[Deuteronomy]] 17,[[Deuteronomy]],[[Old Testament]]
[[Deuteronomy]] 18,[[Deuteronomy]],[[Old Testament]]
[[Deuteronomy]] 19,[[Deuteronomy]],[[Old Testament]]
[[Deuteronomy]] 20,[[Deuteronomy]],[[Old Testament]]
[[Deuteronomy]] 21,[[Deuteronomy]],[[Old Testament]]
[[Deuteronomy]] 22,[[Deuteronomy]],[[Old Testament]]
[[Deuteronomy]] 23,[[Deuteronomy]],[[Old Testament]]
[[Deuteronomy]] 24,[[Deuteronomy]],[[Old Testament]]
[[Deuteronomy]] 25,[[Deuteronomy]],[[Old Testament]]
[[Deuteronomy]] 26,[[Deuteronomy]],[[Old Testament]]
[[Deuteronomy]] 27,[[Deuteronomy]],[[Old Testament]]
[[Deuteronomy]] 28,[[Deuteronomy]],[[Old Testament]]
[[Deuteronomy]] 29,[[Deuteronomy]],[[Old Testament]]
[[Deuteronomy]] 30,[[Deuteronomy]],[[Old Testament]]
[[Deuteronomy]] 31,[[Deuteronomy]],[[Old Testament]]
[[Deuteronomy]] 32,[[Deuteronomy]],[[Old Testament]]
[[Deuteronomy]] 33,[[Deuteronomy]],[[Old Testament]]
[[Deuteronomy]] 34,[[Deuteronomy]],[[Old Testament]]
[[Joshua]] 1,[[Joshua]],[[Old Testament]]
[[Joshua]] 2,[[Joshua]],[[Old Testament]]
[[Joshua]] 3,[[Joshua]],[[Old Testament]]
[[Joshua]] 4,[[Joshua]],[[Old Testament]]
[[Joshua]] 5,[[Joshua]],[[Old Testament]]
[[Joshua]] 6,[[Joshua]],[[Old Testament]]
[[Joshua]] 7,[[Joshua]],[[Old Testament]]
[[Joshua]] 8,[[Joshua]],[[Old Testament]]
[[Joshua]] 9,[[Joshua]],[[Old Testament]]
[[Joshua]] 10,[[Joshua]],[[Old Testament]]
[[Joshua]] 11,[[Joshua]],[[Old Testament]]
[[Joshua]] 12,[[Joshua]],[[Old Testament]]
[[Joshua]] 13,[[Joshua]],[[Old Testament]]
[[Joshua]] 14,[[Joshua]],[[Old Testament]]
[[Joshua]] 15,[[Joshua]],[[Old Testament]]
[[Joshua]] 16,[[Joshua]],[[Old Testament]]
[[Joshua]] 17,[[Joshua]],[[Old Testament]]
[[Joshua]] 18,[[Joshua]],[[Old Testament]]
[[Joshua]] 19,[[Joshua]],[[Old Testament]]
[[Joshua]] 20,[[Joshua]],[[Old Testament]]
[[Joshua]] 21,[[Joshua]],[[Old Testament]]
[[Joshua]] 22,[[Joshua]],[[Old Testament]]
[[Joshua]] 23,[[Joshua]],[[Old Testament]]
[[Joshua]] 24,[[Joshua]],[[Old Testament]]
[[Judges]] 1,[[Judges]],[[Old Testament]]
[[Judges]] 2,[[Judges]],[[Old Testament]]
[[Judges]] 3,[[Judges]],[[Old Testament]]
[[Judges]] 4,[[Judges]],[[Old Testament]]
[[Judges]] 5,[[Judges]],[[Old Testament]]
[[Judges]] 6,[[Judges]],[[Old Testament]]
[[Judges]] 7,[[Judges]],[[Old Testament]]
[[Judges]] 8,[[Judges]],[[Old Testament]]
[[Judges]] 9,[[Judges]],[[Old Testament]]
[[Judges]] 10,[[Judges]],[[Old Testament]]
[[Judges]] 11,[[Judges]],[[Old Testament]]
[[Judges]] 12,[[Judges]],[[Old Testament]]
[[Judges]] 13,[[Judges]],[[Old Testament]]
[[Judges]] 14,[[Judges]],[[Old Testament]]
[[Judges]] 15,[[Judges]],[[Old Testament]]
[[Judges]] 16,[[Judges]],[[Old Testament]]
[[Judges]] 17,[[Judges]],[[Old Testament]]
[[Judges]] 18,[[Judges]],[[Old Testament]]
[[Judges]] 19,[[Judges]],[[Old Testament]]
[[Judges]] 20,[[Judges]],[[Old Testament]]
[[Judges]] 21,[[Judges]],[[Old Testament]]
[[Ruth]] 1,[[Ruth]],[[Old Testament]]
[[Ruth]] 2,[[Ruth]],[[Old Testament]]
[[Ruth]] 3,[[Ruth]],[[Old Testament]]
[[Ruth]] 4,[[Ruth]],[[Old Testament]]
[[1 Samuel]] 1,[[1 Samuel]],[[Old Testament]]
[[1 Samuel]] 2,[[1 Samuel]],[[Old Testament]]
[[1 Samuel]] 3,[[1 Samuel]],[[Old Testament]]
[[1 Samuel]] 4,[[1 Samuel]],[[Old Testament]]
[[1 Samuel]] 5,[[1 Samuel]],[[Old Testament]]
[[1 Samuel]] 6,[[1 Samuel]],[[Old Testament]]
[[1 Samuel]] 7,[[1 Samuel]],[[Old Testament]]
[[1 Samuel]] 8,[[1 Samuel]],[[Old Testament]]
[[1 Samuel]] 9,[[1 Samuel]],[[Old Testament]]
[[1 Samuel]] 10,[[1 Samuel]],[[Old Testament]]
[[1 Samuel]] 11,[[1 Samuel]],[[Old Testament]]
[[1 Samuel]] 12,[[1 Samuel]],[[Old Testament]]
[[1 Samuel]] 13,[[1 Samuel]],[[Old Testament]]
[[1 Samuel]] 14,[[1 Samuel]],[[Old Testament]]
[[1 Samuel]] 15,[[1 Samuel]],[[Old Testament]]
[[1 Samuel]] 16,[[1 Samuel]],[[Old Testament]]
[[1 Samuel]] 17,[[1 Samuel]],[[Old Testament]]
[[1 Samuel]] 18,[[1 Samuel]],[[Old Testament]]
[[1 Samuel]] 19,[[1 Samuel]],[[Old Testament]]
[[1 Samuel]] 20,[[1 Samuel]],[[Old Testament]]
[[1 Samuel]] 21,[[1 Samuel]],[[Old Testament]]
[[1 Samuel]] 22,[[1 Samuel]],[[Old Testament]]
[[1 Samuel]] 23,[[1 Samuel]],[[Old Testament]]
[[1 Samuel]] 24,[[1 Samuel]],[[Old Testament]]
[[1 Samuel]] 25,[[1 Samuel]],[[Old Testament]]
[[1 Samuel]] 26,[[1 Samuel]],[[Old Testament]]
[[1 Samuel]] 27,[[1 Samuel]],[[Old Testament]]
[[1 Samuel]] 28,[[1 Samuel]],[[Old Testament]]
[[1 Samuel]] 29,[[1 Samuel]],[[Old Testament]]
[[1 Samuel]] 30,[[1 Samuel]],[[Old Testament]]
[[1 Samuel]] 31,[[1 Samuel]],[[Old Testament]]
[[2 Samuel]] 1,[[2 Samuel]],[[Old Testament]]
[[2 Samuel]] 2,[[2 Samuel]],[[Old Testament]]
[[2 Samuel]] 3,[[2 Samuel]],[[Old Testament]]
[[2 Samuel]] 4,[[2 Samuel]],[[Old Testament]]
[[2 Samuel]] 5,[[2 Samuel]],[[Old Testament]]
[[2 Samuel]] 6,[[2 Samuel]],[[Old Testament]]
[[2 Samuel]] 7,[[2 Samuel]],[[Old Testament]]
[[2 Samuel]] 8,[[2 Samuel]],[[Old Testament]]
[[2 Samuel]] 9,[[2 Samuel]],[[Old Testament]]
[[2 Samuel]] 10,[[2 Samuel]],[[Old Testament]]
[[2 Samuel]] 11,[[2 Samuel]],[[Old Testament]]
[[2 Samuel]] 12,[[2 Samuel]],[[Old Testament]]
[[2 Samuel]] 13,[[2 Samuel]],[[Old Testament]]
[[2 Samuel]] 14,[[2 Samuel]],[[Old Testament]]
[[2 Samuel]] 15,[[2 Samuel]],[[Old Testament]]
[[2 Samuel]] 16,[[2 Samuel]],[[Old Testament]]
[[2 Samuel]] 17,[[2 Samuel]],[[Old Testament]]
[[2 Samuel]] 18,[[2 Samuel]],[[Old Testament]]
[[2 Samuel]] 19,[[2 Samuel]],[[Old Testament]]
[[2 Samuel]] 20,[[2 Samuel]],[[Old Testament]]
[[2 Samuel]] 21,[[2 Samuel]],[[Old Testament]]
[[2 Samuel]] 22,[[2 Samuel]],[[Old Testament]]
[[2 Samuel]] 23,[[2 Samuel]],[[Old Testament]]
[[2 Samuel]] 24,[[2 Samuel]],[[Old Testament]]
[[1 Kings]] 1,[[1 Kings]],[[Old Testament]]
[[1 Kings]] 2,[[1 Kings]],[[Old Testament]]
[[1 Kings]] 3,[[1 Kings]],[[Old Testament]]
[[1 Kings]] 4,[[1 Kings]],[[Old Testament]]
[[1 Kings]] 5,[[1 Kings]],[[Old Testament]]
[[1 Kings]] 6,[[1 Kings]],[[Old Testament]]
[[1 Kings]] 7,[[1 Kings]],[[Old Testament]]
[[1 Kings]] 8,[[1 Kings]],[[Old Testament]]
[[1 Kings]] 9,[[1 Kings]],[[Old Testament]]
[[1 Kings]] 10,[[1 Kings]],[[Old Testament]]
[[1 Kings]] 11,[[1 Kings]],[[Old Testament]]
[[1 Kings]] 12,[[1 Kings]],[[Old Testament]]
[[1 Kings]] 13,[[1 Kings]],[[Old Testament]]
[[1 Kings]] 14,[[1 Kings]],[[Old Testament]]
[[1 Kings]] 15,[[1 Kings]],[[Old Testament]]
[[1 Kings]] 16,[[1 Kings]],[[Old Testament]]
[[1 Kings]] 17,[[1 Kings]],[[Old Testament]]
[[1 Kings]] 18,[[1 Kings]],[[Old Testament]]
[[1 Kings]] 19,[[1 Kings]],[[Old Testament]]
[[1 Kings]] 20,[[1 Kings]],[[Old Testament]]
[[1 Kings]] 21,[[1 Kings]],[[Old Testament]]
[[1 Kings]] 22,[[1 Kings]],[[Old Testament]]
[[2 Kings]] 1,[[2 Kings]],[[Old Testament]]
[[2 Kings]] 2,[[2 Kings]],[[Old Testament]]
[[2 Kings]] 3,[[2 Kings]],[[Old Testament]]
[[2 Kings]] 4,[[2 Kings]],[[Old Testament]]
[[2 Kings]] 5,[[2 Kings]],[[Old Testament]]
[[2 Kings]] 6,[[2 Kings]],[[Old Testament]]
[[2 Kings]] 7,[[2 Kings]],[[Old Testament]]
[[2 Kings]] 8,[[2 Kings]],[[Old Testament]]
[[2 Kings]] 9,[[2 Kings]],[[Old Testament]]
[[2 Kings]] 10,[[2 Kings]],[[Old Testament]]
[[2 Kings]] 11,[[2 Kings]],[[Old Testament]]
[[2 Kings]] 12,[[2 Kings]],[[Old Testament]]
[[2 Kings]] 13,[[2 Kings]],[[Old Testament]]
[[2 Kings]] 14,[[2 Kings]],[[Old Testament]]
[[2 Kings]] 15,[[2 Kings]],[[Old Testament]]
[[2 Kings]] 16,[[2 Kings]],[[Old Testament]]
[[2 Kings]] 17,[[2 Kings]],[[Old Testament]]
[[2 Kings]] 18,[[2 Kings]],[[Old Testament]]
[[2 Kings]] 19,[[2 Kings]],[[Old Testament]]
[[2 Kings]] 20,[[2 Kings]],[[Old Testament]]
[[2 Kings]] 21,[[2 Kings]],[[Old Testament]]
[[2 Kings]] 22,[[2 Kings]],[[Old Testament]]
[[2 Kings]] 23,[[2 Kings]],[[Old Testament]]
[[2 Kings]] 24,[[2 Kings]],[[Old Testament]]
[[2 Kings]] 25,[[2 Kings]],[[Old Testament]]
[[1 Chronicles]] 1,[[1 Chronicles]],[[Old Testament]]
[[1 Chronicles]] 2,[[1 Chronicles]],[[Old Testament]]
[[1 Chronicles]] 3,[[1 Chronicles]],[[Old Testament]]
[[1 Chronicles]] 4,[[1 Chronicles]],[[Old Testament]]
[[1 Chronicles]] 5,[[1 Chronicles]],[[Old Testament]]
[[1 Chronicles]] 6,[[1 Chronicles]],[[Old Testament]]
[[1 Chronicles]] 7,[[1 Chronicles]],[[Old Testament]]
[[1 Chronicles]] 8,[[1 Chronicles]],[[Old Testament]]
[[1 Chronicles]] 9,[[1 Chronicles]],[[Old Testament]]
[[1 Chronicles]] 10,[[1 Chronicles]],[[Old Testament]]
[[1 Chronicles]] 11,[[1 Chronicles]],[[Old Testament]]
[[1 Chronicles]] 12,[[1 Chronicles]],[[Old Testament]]
[[1 Chronicles]] 13,[[1 Chronicles]],[[Old Testament]]
[[1 Chronicles]] 14,[[1 Chronicles]],[[Old Testament]]
[[1 Chronicles]] 15,[[1 Chronicles]],[[Old Testament]]
[[1 Chronicles]] 16,[[1 Chronicles]],[[Old Testament]]
[[1 Chronicles]] 17,[[1 Chronicles]],[[Old Testament]]
[[1 Chronicles]] 18,[[1 Chronicles]],[[Old Testament]]
[[1 Chronicles]] 19,[[1 Chronicles]],[[Old Testament]]
[[1 Chronicles]] 20,[[1 Chronicles]],[[Old Testament]]
[[1 Chronicles]] 21,[[1 Chronicles]],[[Old Testament]]
[[1 Chronicles]] 22,[[1 Chronicles]],[[Old Testament]]
[[1 Chronicles]] 23,[[1 Chronicles]],[[Old Testament]]
[[1 Chronicles]] 24,[[1 Chronicles]],[[Old Testament]]
[[1 Chronicles]] 25,[[1 Chronicles]],[[Old Testament]]
[[1 Chronicles]] 26,[[1 Chronicles]],[[Old Testament]]
[[1 Chronicles]] 27,[[1 Chronicles]],[[Old Testament]]
[[1 Chronicles]] 28,[[1 Chronicles]],[[Old Testament]]
[[1 Chronicles]] 29,[[1 Chronicles]],[[Old Testament]]
[[2 Chronicles]] 1,[[2 Chronicles]],[[Old Testament]]
[[2 Chronicles]] 2,[[2 Chronicles]],[[Old Testament]]
[[2 Chronicles]] 3,[[2 Chronicles]],[[Old Testament]]
[[2 Chronicles]] 4,[[2 Chronicles]],[[Old Testament]]
[[2 Chronicles]] 5,[[2 Chronicles]],[[Old Testament]]
[[2 Chronicles]] 6,[[2 Chronicles]],[[Old Testament]]
[[2 Chronicles]] 7,[[2 Chronicles]],[[Old Testament]]
[[2 Chronicles]] 8,[[2 Chronicles]],[[Old Testament]]
[[2 Chronicles]] 9,[[2 Chronicles]],[[Old Testament]]
[[2 Chronicles]] 10,[[2 Chronicles]],[[Old Testament]]
[[2 Chronicles]] 11,[[2 Chronicles]],[[Old Testament]]
[[2 Chronicles]] 12,[[2 Chronicles]],[[Old Testament]]
[[2 Chronicles]] 13,[[2 Chronicles]],[[Old Testament]]
[[2 Chronicles]] 14,[[2 Chronicles]],[[Old Testament]]
[[2 Chronicles]] 15,[[2 Chronicles]],[[Old Testament]]
[[2 Chronicles]] 16,[[2 Chronicles]],[[Old Testament]]
[[2 Chronicles]] 17,[[2 Chronicles]],[[Old Testament]]
[[2 Chronicles]] 18,[[2 Chronicles]],[[Old Testament]]
[[2 Chronicles]] 19,[[2 Chronicles]],[[Old Testament]]
[[2 Chronicles]] 20,[[2 Chronicles]],[[Old Testament]]
[[2 Chronicles]] 21,[[2 Chronicles]],[[Old Testament]]
[[2 Chronicles]] 22,[[2 Chronicles]],[[Old Testament]]
[[2 Chronicles]] 23,[[2 Chronicles]],[[Old Testament]]
[[2 Chronicles]] 24,[[2 Chronicles]],[[Old Testament]]
[[2 Chronicles]] 25,[[2 Chronicles]],[[Old Testament]]
[[2 Chronicles]] 26,[[2 Chronicles]],[[Old Testament]]
[[2 Chronicles]] 27,[[2 Chronicles]],[[Old Testament]]
[[2 Chronicles]] 28,[[2 Chronicles]],[[Old Testament]]
[[2 Chronicles]] 29,[[2 Chronicles]],[[Old Testament]]
[[2 Chronicles]] 30,[[2 Chronicles]],[[Old Testament]]
[[2 Chronicles]] 31,[[2 Chronicles]],[[Old Testament]]
[[2 Chronicles]] 32,[[2 Chronicles]],[[Old Testament]]
[[2 Chronicles]] 33,[[2 Chronicles]],[[Old Testament]]
[[2 Chronicles]] 34,[[2 Chronicles]],[[Old Testament]]
[[2 Chronicles]] 35,[[2 Chronicles]],[[Old Testament]]
[[2 Chronicles]] 36,[[2 Chronicles]],[[Old Testament]]
[[Ezra]] 1,[[Ezra]],[[Old Testament]]
[[Ezra]] 2,[[Ezra]],[[Old Testament]]
[[Ezra]] 3,[[Ezra]],[[Old Testament]]
[[Ezra]] 4,[[Ezra]],[[Old Testament]]
[[Ezra]] 5,[[Ezra]],[[Old Testament]]
[[Ezra]] 6,[[Ezra]],[[Old Testament]]
[[Ezra]] 7,[[Ezra]],[[Old Testament]]
[[Ezra]] 8,[[Ezra]],[[Old Testament]]
[[Ezra]] 9,[[Ezra]],[[Old Testament]]
[[Ezra]] 10,[[Ezra]],[[Old Testament]]
[[Nehemiah]] 1,[[Nehemiah]],[[Old Testament]]
[[Nehemiah]] 2,[[Nehemiah]],[[Old Testament]]
[[Nehemiah]] 3,[[Nehemiah]],[[Old Testament]]
[[Nehemiah]] 4,[[Nehemiah]],[[Old Testament]]
[[Nehemiah]] 5,[[Nehemiah]],[[Old Testament]]
[[Nehemiah]] 6,[[Nehemiah]],[[Old Testament]]
[[Nehemiah]] 7,[[Nehemiah]],[[Old Testament]]
[[Nehemiah]] 8,[[Nehemiah]],[[Old Testament]]
[[Nehemiah]] 9,[[Nehemiah]],[[Old Testament]]
[[Nehemiah]] 10,[[Nehemiah]],[[Old Testament]]
[[Nehemiah]] 11,[[Nehemiah]],[[Old Testament]]
[[Nehemiah]] 12,[[Nehemiah]],[[Old Testament]]
[[Nehemiah]] 13,[[Nehemiah]],[[Old Testament]]
[[Esther]] 1,[[Esther]],[[Old Testament]]
[[Esther]] 2,[[Esther]],[[Old Testament]]
[[Esther]] 3,[[Esther]],[[Old Testament]]
[[Esther]] 4,[[Esther]],[[Old Testament]]
[[Esther]] 5,[[Esther]],[[Old Testament]]
[[Esther]] 6,[[Esther]],[[Old Testament]]
[[Esther]] 7,[[Esther]],[[Old Testament]]
[[Esther]] 8,[[Esther]],[[Old Testament]]
[[Esther]] 9,[[Esther]],[[Old Testament]]
[[Esther]] 10,[[Esther]],[[Old Testament]]
[[Job]] 1,[[Job]],[[Old Testament]]
[[Job]] 2,[[Job]],[[Old Testament]]
[[Job]] 3,[[Job]],[[Old Testament]]
[[Job]] 4,[[Job]],[[Old Testament]]
[[Job]] 5,[[Job]],[[Old Testament]]
[[Job]] 6,[[Job]],[[Old Testament]]
[[Job]] 7,[[Job]],[[Old Testament]]
[[Job]] 8,[[Job]],[[Old Testament]]
[[Job]] 9,[[Job]],[[Old Testament]]
[[Job]] 10,[[Job]],[[Old Testament]]
[[Job]] 11,[[Job]],[[Old Testament]]
[[Job]] 12,[[Job]],[[Old Testament]]
[[Job]] 13,[[Job]],[[Old Testament]]
[[Job]] 14,[[Job]],[[Old Testament]]
[[Job]] 15,[[Job]],[[Old Testament]]
[[Job]] 16,[[Job]],[[Old Testament]]
[[Job]] 17,[[Job]],[[Old Testament]]
[[Job]] 18,[[Job]],[[Old Testament]]
[[Job]] 19,[[Job]],[[Old Testament]]
[[Job]] 20,[[Job]],[[Old Testament]]
[[Job]] 21,[[Job]],[[Old Testament]]
[[Job]] 22,[[Job]],[[Old Testament]]
[[Job]] 23,[[Job]],[[Old Testament]]
[[Job]] 24,[[Job]],[[Old Testament]]
[[Job]] 25,[[Job]],[[Old Testament]]
[[Job]] 26,[[Job]],[[Old Testament]]
[[Job]] 27,[[Job]],[[Old Testament]]
[[Job]] 28,[[Job]],[[Old Testament]]
[[Job]] 29,[[Job]],[[Old Testament]]
[[Job]] 30,[[Job]],[[Old Testament]]
[[Job]] 31,[[Job]],[[Old Testament]]
[[Job]] 32,[[Job]],[[Old Testament]]
[[Job]] 33,[[Job]],[[Old Testament]]
[[Job]] 34,[[Job]],[[Old Testament]]
[[Job]] 35,[[Job]],[[Old Testament]]
[[Job]] 36,[[Job]],[[Old Testament]]
[[Job]] 37,[[Job]],[[Old Testament]]
[[Job]] 38,[[Job]],[[Old Testament]]
[[Job]] 39,[[Job]],[[Old Testament]]
[[Job]] 40,[[Job]],[[Old Testament]]
[[Job]] 41,[[Job]],[[Old Testament]]
[[Job]] 42,[[Job]],[[Old Testament]]
[[Psalm]] 1,[[Psalm]],[[Old Testament]]
[[Psalm]] 2,[[Psalm]],[[Old Testament]]
[[Psalm]] 3,[[Psalm]],[[Old Testament]]
[[Psalm]] 4,[[Psalm]],[[Old Testament]]
[[Psalm]] 5,[[Psalm]],[[Old Testament]]
[[Psalm]] 6,[[Psalm]],[[Old Testament]]
[[Psalm]] 7,[[Psalm]],[[Old Testament]]
[[Psalm]] 8,[[Psalm]],[[Old Testament]]
[[Psalm]] 9,[[Psalm]],[[Old Testament]]
[[Psalm]] 10,[[Psalm]],[[Old Testament]]
[[Psalm]] 11,[[Psalm]],[[Old Testament]]
[[Psalm]] 12,[[Psalm]],[[Old Testament]]
[[Psalm]] 13,[[Psalm]],[[Old Testament]]
[[Psalm]] 14,[[Psalm]],[[Old Testament]]
[[Psalm]] 15,[[Psalm]],[[Old Testament]]
[[Psalm]] 16,[[Psalm]],[[Old Testament]]
[[Psalm]] 17,[[Psalm]],[[Old Testament]]
[[Psalm]] 18,[[Psalm]],[[Old Testament]]
[[Psalm]] 19,[[Psalm]],[[Old Testament]]
[[Psalm]] 20,[[Psalm]],[[Old Testament]]
[[Psalm]] 21,[[Psalm]],[[Old Testament]]
[[Psalm]] 22,[[Psalm]],[[Old Testament]]
[[Psalm]] 23,[[Psalm]],[[Old Testament]]
[[Psalm]] 24,[[Psalm]],[[Old Testament]]
[[Psalm]] 25,[[Psalm]],[[Old Testament]]
[[Psalm]] 26,[[Psalm]],[[Old Testament]]
[[Psalm]] 27,[[Psalm]],[[Old Testament]]
[[Psalm]] 28,[[Psalm]],[[Old Testament]]
[[Psalm]] 29,[[Psalm]],[[Old Testament]]
[[Psalm]] 30,[[Psalm]],[[Old Testament]]
[[Psalm]] 31,[[Psalm]],[[Old Testament]]
[[Psalm]] 32,[[Psalm]],[[Old Testament]]
[[Psalm]] 33,[[Psalm]],[[Old Testament]]
[[Psalm]] 34,[[Psalm]],[[Old Testament]]
[[Psalm]] 35,[[Psalm]],[[Old Testament]]
[[Psalm]] 36,[[Psalm]],[[Old Testament]]
[[Psalm]] 37,[[Psalm]],[[Old Testament]]
[[Psalm]] 38,[[Psalm]],[[Old Testament]]
[[Psalm]] 39,[[Psalm]],[[Old Testament]]
[[Psalm]] 40,[[Psalm]],[[Old Testament]]
[[Psalm]] 41,[[Psalm]],[[Old Testament]]
[[Psalm]] 42,[[Psalm]],[[Old Testament]]
[[Psalm]] 43,[[Psalm]],[[Old Testament]]
[[Psalm]] 44,[[Psalm]],[[Old Testament]]
[[Psalm]] 45,[[Psalm]],[[Old Testament]]
[[Psalm]] 46,[[Psalm]],[[Old Testament]]
[[Psalm]] 47,[[Psalm]],[[Old Testament]]
[[Psalm]] 48,[[Psalm]],[[Old Testament]]
[[Psalm]] 49,[[Psalm]],[[Old Testament]]
[[Psalm]] 50,[[Psalm]],[[Old Testament]]
[[Psalm]] 51,[[Psalm]],[[Old Testament]]
[[Psalm]] 52,[[Psalm]],[[Old Testament]]
[[Psalm]] 53,[[Psalm]],[[Old Testament]]
[[Psalm]] 54,[[Psalm]],[[Old Testament]]
[[Psalm]] 55,[[Psalm]],[[Old Testament]]
[[Psalm]] 56,[[Psalm]],[[Old Testament]]
[[Psalm]] 57,[[Psalm]],[[Old Testament]]
[[Psalm]] 58,[[Psalm]],[[Old Testament]]
[[Psalm]] 59,[[Psalm]],[[Old Testament]]
[[Psalm]] 60,[[Psalm]],[[Old Testament]]
[[Psalm]] 61,[[Psalm]],[[Old Testament]]
[[Psalm]] 62,[[Psalm]],[[Old Testament]]
[[Psalm]] 63,[[Psalm]],[[Old Testament]]
[[Psalm]] 64,[[Psalm]],[[Old Testament]]
[[Psalm]] 65,[[Psalm]],[[Old Testament]]
[[Psalm]] 66,[[Psalm]],[[Old Testament]]
[[Psalm]] 67,[[Psalm]],[[Old Testament]]
[[Psalm]] 68,[[Psalm]],[[Old Testament]]
[[Psalm]] 69,[[Psalm]],[[Old Testament]]
[[Psalm]] 70,[[Psalm]],[[Old Testament]]
[[Psalm]] 71,[[Psalm]],[[Old Testament]]
[[Psalm]] 72,[[Psalm]],[[Old Testament]]
[[Psalm]] 73,[[Psalm]],[[Old Testament]]
[[Psalm]] 74,[[Psalm]],[[Old Testament]]
[[Psalm]] 75,[[Psalm]],[[Old Testament]]
[[Psalm]] 76,[[Psalm]],[[Old Testament]]
[[Psalm]] 77,[[Psalm]],[[Old Testament]]
[[Psalm]] 78,[[Psalm]],[[Old Testament]]
[[Psalm]] 79,[[Psalm]],[[Old Testament]]
[[Psalm]] 80,[[Psalm]],[[Old Testament]]
[[Psalm]] 81,[[Psalm]],[[Old Testament]]
[[Psalm]] 82,[[Psalm]],[[Old Testament]]
[[Psalm]] 83,[[Psalm]],[[Old Testament]]
[[Psalm]] 84,[[Psalm]],[[Old Testament]]
[[Psalm]] 85,[[Psalm]],[[Old Testament]]
[[Psalm]] 86,[[Psalm]],[[Old Testament]]
[[Psalm]] 87,[[Psalm]],[[Old Testament]]
[[Psalm]] 88,[[Psalm]],[[Old Testament]]
[[Psalm]] 89,[[Psalm]],[[Old Testament]]
[[Psalm]] 90,[[Psalm]],[[Old Testament]]
[[Psalm]] 91,[[Psalm]],[[Old Testament]]
[[Psalm]] 92,[[Psalm]],[[Old Testament]]
[[Psalm]] 93,[[Psalm]],[[Old Testament]]
[[Psalm]] 94,[[Psalm]],[[Old Testament]]
[[Psalm]] 95,[[Psalm]],[[Old Testament]]
[[Psalm]] 96,[[Psalm]],[[Old Testament]]
[[Psalm]] 97,[[Psalm]],[[Old Testament]]
[[Psalm]] 98,[[Psalm]],[[Old Testament]]
[[Psalm]] 99,[[Psalm]],[[Old Testament]]
[[Psalm]] 100,[[Psalm]],[[Old Testament]]
[[Psalm]] 101,[[Psalm]],[[Old Testament]]
[[Psalm]] 102,[[Psalm]],[[Old Testament]]
[[Psalm]] 103,[[Psalm]],[[Old Testament]]
[[Psalm]] 104,[[Psalm]],[[Old Testament]]
[[Psalm]] 105,[[Psalm]],[[Old Testament]]
[[Psalm]] 106,[[Psalm]],[[Old Testament]]
[[Psalm]] 107,[[Psalm]],[[Old Testament]]
[[Psalm]] 108,[[Psalm]],[[Old Testament]]
[[Psalm]] 109,[[Psalm]],[[Old Testament]]
[[Psalm]] 110,[[Psalm]],[[Old Testament]]
[[Psalm]] 111,[[Psalm]],[[Old Testament]]
[[Psalm]] 112,[[Psalm]],[[Old Testament]]
[[Psalm]] 113,[[Psalm]],[[Old Testament]]
[[Psalm]] 114,[[Psalm]],[[Old Testament]]
[[Psalm]] 115,[[Psalm]],[[Old Testament]]
[[Psalm]] 116,[[Psalm]],[[Old Testament]]
[[Psalm]] 117,[[Psalm]],[[Old Testament]]
[[Psalm]] 118,[[Psalm]],[[Old Testament]]
[[Psalm]] 119,[[Psalm]],[[Old Testament]]
[[Psalm]] 120,[[Psalm]],[[Old Testament]]
[[Psalm]] 121,[[Psalm]],[[Old Testament]]
[[Psalm]] 122,[[Psalm]],[[Old Testament]]
[[Psalm]] 123,[[Psalm]],[[Old Testament]]
[[Psalm]] 124,[[Psalm]],[[Old Testament]]
[[Psalm]] 125,[[Psalm]],[[Old Testament]]
[[Psalm]] 126,[[Psalm]],[[Old Testament]]
[[Psalm]] 127,[[Psalm]],[[Old Testament]]
[[Psalm]] 128,[[Psalm]],[[Old Testament]]
[[Psalm]] 129,[[Psalm]],[[Old Testament]]
[[Psalm]] 130,[[Psalm]],[[Old Testament]]
[[Psalm]] 131,[[Psalm]],[[Old Testament]]
[[Psalm]] 132,[[Psalm]],[[Old Testament]]
[[Psalm]] 133,[[Psalm]],[[Old Testament]]
[[Psalm]] 134,[[Psalm]],[[Old Testament]]
[[Psalm]] 135,[[Psalm]],[[Old Testament]]
[[Psalm]] 136,[[Psalm]],[[Old Testament]]
[[Psalm]] 137,[[Psalm]],[[Old Testament]]
[[Psalm]] 138,[[Psalm]],[[Old Testament]]
[[Psalm]] 139,[[Psalm]],[[Old Testament]]
[[Psalm]] 140,[[Psalm]],[[Old Testament]]
[[Psalm]] 141,[[Psalm]],[[Old Testament]]
[[Psalm]] 142,[[Psalm]],[[Old Testament]]
[[Psalm]] 143,[[Psalm]],[[Old Testament]]
[[Psalm]] 144,[[Psalm]],[[Old Testament]]
[[Psalm]] 145,[[Psalm]],[[Old Testament]]
[[Psalm]] 146,[[Psalm]],[[Old Testament]]
[[Psalm]] 147,[[Psalm]],[[Old Testament]]
[[Psalm]] 148,[[Psalm]],[[Old Testament]]
[[Psalm]] 149,[[Psalm]],[[Old Testament]]
[[Psalm]] 150,[[Psalm]],[[Old Testament]]
[[Proverbs]] 1,[[Proverbs]],[[Old Testament]]
[[Proverbs]] 2,[[Proverbs]],[[Old Testament]]
[[Proverbs]] 3,[[Proverbs]],[[Old Testament]]
[[Proverbs]] 4,[[Proverbs]],[[Old Testament]]
[[Proverbs]] 5,[[Proverbs]],[[Old Testament]]
[[Proverbs]] 6,[[Proverbs]],[[Old Testament]]
[[Proverbs]] 7,[[Proverbs]],[[Old Testament]]
[[Proverbs]] 8,[[Proverbs]],[[Old Testament]]
[[Proverbs]] 9,[[Proverbs]],[[Old Testament]]
[[Proverbs]] 10,[[Proverbs]],[[Old Testament]]
[[Proverbs]] 11,[[Proverbs]],[[Old Testament]]
[[Proverbs]] 12,[[Proverbs]],[[Old Testament]]
[[Proverbs]] 13,[[Proverbs]],[[Old Testament]]
[[Proverbs]] 14,[[Proverbs]],[[Old Testament]]
[[Proverbs]] 15,[[Proverbs]],[[Old Testament]]
[[Proverbs]] 16,[[Proverbs]],[[Old Testament]]
[[Proverbs]] 17,[[Proverbs]],[[Old Testament]]
[[Proverbs]] 18,[[Proverbs]],[[Old Testament]]
[[Proverbs]] 19,[[Proverbs]],[[Old Testament]]
[[Proverbs]] 20,[[Proverbs]],[[Old Testament]]
[[Proverbs]] 21,[[Proverbs]],[[Old Testament]]
[[Proverbs]] 22,[[Proverbs]],[[Old Testament]]
[[Proverbs]] 23,[[Proverbs]],[[Old Testament]]
[[Proverbs]] 24,[[Proverbs]],[[Old Testament]]
[[Proverbs]] 25,[[Proverbs]],[[Old Testament]]
[[Proverbs]] 26,[[Proverbs]],[[Old Testament]]
[[Proverbs]] 27,[[Proverbs]],[[Old Testament]]
[[Proverbs]] 28,[[Proverbs]],[[Old Testament]]
[[Proverbs]] 29,[[Proverbs]],[[Old Testament]]
[[Proverbs]] 30,[[Proverbs]],[[Old Testament]]
[[Proverbs]] 31,[[Proverbs]],[[Old Testament]]
[[Ecclesiastes]] 1,[[Ecclesiastes]],[[Old Testament]]
[[Ecclesiastes]] 2,[[Ecclesiastes]],[[Old Testament]]
[[Ecclesiastes]] 3,[[Ecclesiastes]],[[Old Testament]]
[[Ecclesiastes]] 4,[[Ecclesiastes]],[[Old Testament]]
[[Ecclesiastes]] 5,[[Ecclesiastes]],[[Old Testament]]
[[Ecclesiastes]] 6,[[Ecclesiastes]],[[Old Testament]]
[[Ecclesiastes]] 7,[[Ecclesiastes]],[[Old Testament]]
[[Ecclesiastes]] 8,[[Ecclesiastes]],[[Old Testament]]
[[Ecclesiastes]] 9,[[Ecclesiastes]],[[Old Testament]]
[[Ecclesiastes]] 10,[[Ecclesiastes]],[[Old Testament]]
[[Ecclesiastes]] 11,[[Ecclesiastes]],[[Old Testament]]
[[Ecclesiastes]] 12,[[Ecclesiastes]],[[Old Testament]]
[[Song of Solomon]] 1,[[Song of Solomon]],[[Old Testament]]
[[Song of Solomon]] 2,[[Song of Solomon]],[[Old Testament]]
[[Song of Solomon]] 3,[[Song of Solomon]],[[Old Testament]]
[[Song of Solomon]] 4,[[Song of Solomon]],[[Old Testament]]
[[Song of Solomon]] 5,[[Song of Solomon]],[[Old Testament]]
[[Song of Solomon]] 6,[[Song of Solomon]],[[Old Testament]]
[[Song of Solomon]] 7,[[Song of Solomon]],[[Old Testament]]
[[Song of Solomon]] 8,[[Song of Solomon]],[[Old Testament]]
[[Isaiah]] 1,[[Isaiah]],[[Old Testament]]
[[Isaiah]] 2,[[Isaiah]],[[Old Testament]]
[[Isaiah]] 3,[[Isaiah]],[[Old Testament]]
[[Isaiah]] 4,[[Isaiah]],[[Old Testament]]
[[Isaiah]] 5,[[Isaiah]],[[Old Testament]]
[[Isaiah]] 6,[[Isaiah]],[[Old Testament]]
[[Isaiah]] 7,[[Isaiah]],[[Old Testament]]
[[Isaiah]] 8,[[Isaiah]],[[Old Testament]]
[[Isaiah]] 9,[[Isaiah]],[[Old Testament]]
[[Isaiah]] 10,[[Isaiah]],[[Old Testament]]
[[Isaiah]] 11,[[Isaiah]],[[Old Testament]]
[[Isaiah]] 12,[[Isaiah]],[[Old Testament]]
[[Isaiah]] 13,[[Isaiah]],[[Old Testament]]
[[Isaiah]] 14,[[Isaiah]],[[Old Testament]]
[[Isaiah]] 15,[[Isaiah]],[[Old Testament]]
[[Isaiah]] 16,[[Isaiah]],[[Old Testament]]
[[Isaiah]] 17,[[Isaiah]],[[Old Testament]]
[[Isaiah]] 18,[[Isaiah]],[[Old Testament]]
[[Isaiah]] 19,[[Isaiah]],[[Old Testament]]
[[Isaiah]] 20,[[Isaiah]],[[Old Testament]]
[[Isaiah]] 21,[[Isaiah]],[[Old Testament]]
[[Isaiah]] 22,[[Isaiah]],[[Old Testament]]
[[Isaiah]] 23,[[Isaiah]],[[Old Testament]]
[[Isaiah]] 24,[[Isaiah]],[[Old Testament]]
[[Isaiah]] 25,[[Isaiah]],[[Old Testament]]
[[Isaiah]] 26,[[Isaiah]],[[Old Testament]]
[[Isaiah]] 27,[[Isaiah]],[[Old Testament]]
[[Isaiah]] 28,[[Isaiah]],[[Old Testament]]
[[Isaiah]] 29,[[Isaiah]],[[Old Testament]]
[[Isaiah]] 30,[[Isaiah]],[[Old Testament]]
[[Isaiah]] 31,[[Isaiah]],[[Old Testament]]
[[Isaiah]] 32,[[Isaiah]],[[Old Testament]]
[[Isaiah]] 33,[[Isaiah]],[[Old Testament]]
[[Isaiah]] 34,[[Isaiah]],[[Old Testament]]
[[Isaiah]] 35,[[Isaiah]],[[Old Testament]]
[[Isaiah]] 36,[[Isaiah]],[[Old Testament]]
[[Isaiah]] 37,[[Isaiah]],[[Old Testament]]
[[Isaiah]] 38,[[Isaiah]],[[Old Testament]]
[[Isaiah]] 39,[[Isaiah]],[[Old Testament]]
[[Isaiah]] 40,[[Isaiah]],[[Old Testament]]
[[Isaiah]] 41,[[Isaiah]],[[Old Testament]]
[[Isaiah]] 42,[[Isaiah]],[[Old Testament]]
[[Isaiah]] 43,[[Isaiah]],[[Old Testament]]
[[Isaiah]] 44,[[Isaiah]],[[Old Testament]]
[[Isaiah]] 45,[[Isaiah]],[[Old Testament]]
[[Isaiah]] 46,[[Isaiah]],[[Old Testament]]
[[Isaiah]] 47,[[Isaiah]],[[Old Testament]]
[[Isaiah]] 48,[[Isaiah]],[[Old Testament]]
[[Isaiah]] 49,[[Isaiah]],[[Old Testament]]
[[Isaiah]] 50,[[Isaiah]],[[Old Testament]]
[[Isaiah]] 51,[[Isaiah]],[[Old Testament]]
[[Isaiah]] 52,[[Isaiah]],[[Old Testament]]
[[Isaiah]] 53,[[Isaiah]],[[Old Testament]]
[[Isaiah]] 54,[[Isaiah]],[[Old Testament]]
[[Isaiah]] 55,[[Isaiah]],[[Old Testament]]
[[Isaiah]] 56,[[Isaiah]],[[Old Testament]]
[[Isaiah]] 57,[[Isaiah]],[[Old Testament]]
[[Isaiah]] 58,[[Isaiah]],[[Old Testament]]
[[Isaiah]] 59,[[Isaiah]],[[Old Testament]]
[[Isaiah]] 60,[[Isaiah]],[[Old Testament]]
[[Isaiah]] 61,[[Isaiah]],[[Old Testament]]
[[Isaiah]] 62,[[Isaiah]],[[Old Testament]]
[[Isaiah]] 63,[[Isaiah]],[[Old Testament]]
[[Isaiah]] 64,[[Isaiah]],[[Old Testament]]
[[Isaiah]] 65,[[Isaiah]],[[Old Testament]]
[[Isaiah]] 66,[[Isaiah]],[[Old Testament]]
[[Jeremiah]] 1,[[Jeremiah]],[[Old Testament]]
[[Jeremiah]] 2,[[Jeremiah]],[[Old Testament]]
[[Jeremiah]] 3,[[Jeremiah]],[[Old Testament]]
[[Jeremiah]] 4,[[Jeremiah]],[[Old Testament]]
[[Jeremiah]] 5,[[Jeremiah]],[[Old Testament]]
[[Jeremiah]] 6,[[Jeremiah]],[[Old Testament]]
[[Jeremiah]] 7,[[Jeremiah]],[[Old Testament]]
[[Jeremiah]] 8,[[Jeremiah]],[[Old Testament]]
[[Jeremiah]] 9,[[Jeremiah]],[[Old Testament]]
[[Jeremiah]] 10,[[Jeremiah]],[[Old Testament]]
[[Jeremiah]] 11,[[Jeremiah]],[[Old Testament]]
[[Jeremiah]] 12,[[Jeremiah]],[[Old Testament]]
[[Jeremiah]] 13,[[Jeremiah]],[[Old Testament]]
[[Jeremiah]] 14,[[Jeremiah]],[[Old Testament]]
[[Jeremiah]] 15,[[Jeremiah]],[[Old Testament]]
[[Jeremiah]] 16,[[Jeremiah]],[[Old Testament]]
[[Jeremiah]] 17,[[Jeremiah]],[[Old Testament]]
[[Jeremiah]] 18,[[Jeremiah]],[[Old Testament]]
[[Jeremiah]] 19,[[Jeremiah]],[[Old Testament]]
[[Jeremiah]] 20,[[Jeremiah]],[[Old Testament]]
[[Jeremiah]] 21,[[Jeremiah]],[[Old Testament]]
[[Jeremiah]] 22,[[Jeremiah]],[[Old Testament]]
[[Jeremiah]] 23,[[Jeremiah]],[[Old Testament]]
[[Jeremiah]] 24,[[Jeremiah]],[[Old Testament]]
[[Jeremiah]] 25,[[Jeremiah]],[[Old Testament]]
[[Jeremiah]] 26,[[Jeremiah]],[[Old Testament]]
[[Jeremiah]] 27,[[Jeremiah]],[[Old Testament]]
[[Jeremiah]] 28,[[Jeremiah]],[[Old Testament]]
[[Jeremiah]] 29,[[Jeremiah]],[[Old Testament]]
[[Jeremiah]] 30,[[Jeremiah]],[[Old Testament]]
[[Jeremiah]] 31,[[Jeremiah]],[[Old Testament]]
[[Jeremiah]] 32,[[Jeremiah]],[[Old Testament]]
[[Jeremiah]] 33,[[Jeremiah]],[[Old Testament]]
[[Jeremiah]] 34,[[Jeremiah]],[[Old Testament]]
[[Jeremiah]] 35,[[Jeremiah]],[[Old Testament]]
[[Jeremiah]] 36,[[Jeremiah]],[[Old Testament]]
[[Jeremiah]] 37,[[Jeremiah]],[[Old Testament]]
[[Jeremiah]] 38,[[Jeremiah]],[[Old Testament]]
[[Jeremiah]] 39,[[Jeremiah]],[[Old Testament]]
[[Jeremiah]] 40,[[Jeremiah]],[[Old Testament]]
[[Jeremiah]] 41,[[Jeremiah]],[[Old Testament]]
[[Jeremiah]] 42,[[Jeremiah]],[[Old Testament]]
[[Jeremiah]] 43,[[Jeremiah]],[[Old Testament]]
[[Jeremiah]] 44,[[Jeremiah]],[[Old Testament]]
[[Jeremiah]] 45,[[Jeremiah]],[[Old Testament]]
[[Jeremiah]] 46,[[Jeremiah]],[[Old Testament]]
[[Jeremiah]] 47,[[Jeremiah]],[[Old Testament]]
[[Jeremiah]] 48,[[Jeremiah]],[[Old Testament]]
[[Jeremiah]] 49,[[Jeremiah]],[[Old Testament]]
[[Jeremiah]] 50,[[Jeremiah]],[[Old Testament]]
[[Jeremiah]] 51,[[Jeremiah]],[[Old Testament]]
[[Jeremiah]] 52,[[Jeremiah]],[[Old Testament]]
[[Lamentations]] 1,[[Lamentations]],[[Old Testament]]
[[Lamentations]] 2,[[Lamentations]],[[Old Testament]]
[[Lamentations]] 3,[[Lamentations]],[[Old Testament]]
[[Lamentations]] 4,[[Lamentations]],[[Old Testament]]
[[Lamentations]] 5,[[Lamentations]],[[Old Testament]]
[[Ezekiel]] 1,[[Ezekiel]],[[Old Testament]]
[[Ezekiel]] 2,[[Ezekiel]],[[Old Testament]]
[[Ezekiel]] 3,[[Ezekiel]],[[Old Testament]]
[[Ezekiel]] 4,[[Ezekiel]],[[Old Testament]]
[[Ezekiel]] 5,[[Ezekiel]],[[Old Testament]]
[[Ezekiel]] 6,[[Ezekiel]],[[Old Testament]]
[[Ezekiel]] 7,[[Ezekiel]],[[Old Testament]]
[[Ezekiel]] 8,[[Ezekiel]],[[Old Testament]]
[[Ezekiel]] 9,[[Ezekiel]],[[Old Testament]]
[[Ezekiel]] 10,[[Ezekiel]],[[Old Testament]]
[[Ezekiel]] 11,[[Ezekiel]],[[Old Testament]]
[[Ezekiel]] 12,[[Ezekiel]],[[Old Testament]]
[[Ezekiel]] 13,[[Ezekiel]],[[Old Testament]]
[[Ezekiel]] 14,[[Ezekiel]],[[Old Testament]]
[[Ezekiel]] 15,[[Ezekiel]],[[Old Testament]]
[[Ezekiel]] 16,[[Ezekiel]],[[Old Testament]]
[[Ezekiel]] 17,[[Ezekiel]],[[Old Testament]]
[[Ezekiel]] 18,[[Ezekiel]],[[Old Testament]]
[[Ezekiel]] 19,[[Ezekiel]],[[Old Testament]]
[[Ezekiel]] 20,[[Ezekiel]],[[Old Testament]]
[[Ezekiel]] 21,[[Ezekiel]],[[Old Testament]]
[[Ezekiel]] 22,[[Ezekiel]],[[Old Testament]]
[[Ezekiel]] 23,[[Ezekiel]],[[Old Testament]]
[[Ezekiel]] 24,[[Ezekiel]],[[Old Testament]]
[[Ezekiel]] 25,[[Ezekiel]],[[Old Testament]]
[[Ezekiel]] 26,[[Ezekiel]],[[Old Testament]]
[[Ezekiel]] 27,[[Ezekiel]],[[Old Testament]]
[[Ezekiel]] 28,[[Ezekiel]],[[Old Testament]]
[[Ezekiel]] 29,[[Ezekiel]],[[Old Testament]]
[[Ezekiel]] 30,[[Ezekiel]],[[Old Testament]]
[[Ezekiel]] 31,[[Ezekiel]],[[Old Testament]]
[[Ezekiel]] 32,[[Ezekiel]],[[Old Testament]]
[[Ezekiel]] 33,[[Ezekiel]],[[Old Testament]]
[[Ezekiel]] 34,[[Ezekiel]],[[Old Testament]]
[[Ezekiel]] 35,[[Ezekiel]],[[Old Testament]]
[[Ezekiel]] 36,[[Ezekiel]],[[Old Testament]]
[[Ezekiel]] 37,[[Ezekiel]],[[Old Testament]]
[[Ezekiel]] 38,[[Ezekiel]],[[Old Testament]]
[[Ezekiel]] 39,[[Ezekiel]],[[Old Testament]]
[[Ezekiel]] 40,[[Ezekiel]],[[Old Testament]]
[[Ezekiel]] 41,[[Ezekiel]],[[Old Testament]]
[[Ezekiel]] 42,[[Ezekiel]],[[Old Testament]]
[[Ezekiel]] 43,[[Ezekiel]],[[Old Testament]]
[[Ezekiel]] 44,[[Ezekiel]],[[Old Testament]]
[[Ezekiel]] 45,[[Ezekiel]],[[Old Testament]]
[[Ezekiel]] 46,[[Ezekiel]],[[Old Testament]]
[[Ezekiel]] 47,[[Ezekiel]],[[Old Testament]]
[[Ezekiel]] 48,[[Ezekiel]],[[Old Testament]]
[[Daniel]] 1,[[Daniel]],[[Old Testament]]
[[Daniel]] 2,[[Daniel]],[[Old Testament]]
[[Daniel]] 3,[[Daniel]],[[Old Testament]]
[[Daniel]] 4,[[Daniel]],[[Old Testament]]
[[Daniel]] 5,[[Daniel]],[[Old Testament]]
[[Daniel]] 6,[[Daniel]],[[Old Testament]]
[[Daniel]] 7,[[Daniel]],[[Old Testament]]
[[Daniel]] 8,[[Daniel]],[[Old Testament]]
[[Daniel]] 9,[[Daniel]],[[Old Testament]]
[[Daniel]] 10,[[Daniel]],[[Old Testament]]
[[Daniel]] 11,[[Daniel]],[[Old Testament]]
[[Daniel]] 12,[[Daniel]],[[Old Testament]]
[[Hosea]] 1,[[Hosea]],[[Old Testament]]
[[Hosea]] 2,[[Hosea]],[[Old Testament]]
[[Hosea]] 3,[[Hosea]],[[Old Testament]]
[[Hosea]] 4,[[Hosea]],[[Old Testament]]
[[Hosea]] 5,[[Hosea]],[[Old Testament]]
[[Hosea]] 6,[[Hosea]],[[Old Testament]]
[[Hosea]] 7,[[Hosea]],[[Old Testament]]
[[Hosea]] 8,[[Hosea]],[[Old Testament]]
[[Hosea]] 9,[[Hosea]],[[Old Testament]]
[[Hosea]] 10,[[Hosea]],[[Old Testament]]
[[Hosea]] 11,[[Hosea]],[[Old Testament]]
[[Hosea]] 12,[[Hosea]],[[Old Testament]]
[[Hosea]] 13,[[Hosea]],[[Old Testament]]
[[Hosea]] 14,[[Hosea]],[[Old Testament]]
[[Joel]] 1,[[Joel]],[[Old Testament]]
[[Joel]] 2,[[Joel]],[[Old Testament]]
[[Joel]] 3,[[Joel]],[[Old Testament]]
[[Amos]] 1,[[Amos]],[[Old Testament]]
[[Amos]] 2,[[Amos]],[[Old Testament]]
[[Amos]] 3,[[Amos]],[[Old Testament]]
[[Amos]] 4,[[Amos]],[[Old Testament]]
[[Amos]] 5,[[Amos]],[[Old Testament]]
[[Amos]] 6,[[Amos]],[[Old Testament]]
[[Amos]] 7,[[Amos]],[[Old Testament]]
[[Amos]] 8,[[Amos]],[[Old Testament]]
[[Amos]] 9,[[Amos]],[[Old Testament]]
[[Obadiah]] 1,[[Obadiah]],[[Old Testament]]
[[Jonah]] 1,[[Jonah]],[[Old Testament]]
[[Jonah]] 2,[[Jonah]],[[Old Testament]]
[[Jonah]] 3,[[Jonah]],[[Old Testament]]
[[Jonah]] 4,[[Jonah]],[[Old Testament]]
[[Micah]] 1,[[Micah]],[[Old Testament]]
[[Micah]] 2,[[Micah]],[[Old Testament]]
[[Micah]] 3,[[Micah]],[[Old Testament]]
[[Micah]] 4,[[Micah]],[[Old Testament]]
[[Micah]] 5,[[Micah]],[[Old Testament]]
[[Micah]] 6,[[Micah]],[[Old Testament]]
[[Micah]] 7,[[Micah]],[[Old Testament]]
[[Nahum]] 1,[[Nahum]],[[Old Testament]]
[[Nahum]] 2,[[Nahum]],[[Old Testament]]
[[Nahum]] 3,[[Nahum]],[[Old Testament]]
[[Habakkuk]] 1,[[Habakkuk]],[[Old Testament]]
[[Habakkuk]] 2,[[Habakkuk]],[[Old Testament]]
[[Habakkuk]] 3,[[Habakkuk]],[[Old Testament]]
[[Zephaniah]] 1,[[Zephaniah]],[[Old Testament]]
[[Zephaniah]] 2,[[Zephaniah]],[[Old Testament]]
[[Zephaniah]] 3,[[Zephaniah]],[[Old Testament]]
[[Haggai]] 1,[[Haggai]],[[Old Testament]]
[[Haggai]] 2,[[Haggai]],[[Old Testament]]
[[Zechariah]] 1,[[Zechariah]],[[Old Testament]]
[[Zechariah]] 2,[[Zechariah]],[[Old Testament]]
[[Zechariah]] 3,[[Zechariah]],[[Old Testament]]
[[Zechariah]] 4,[[Zechariah]],[[Old Testament]]
[[Zechariah]] 5,[[Zechariah]],[[Old Testament]]
[[Zechariah]] 6,[[Zechariah]],[[Old Testament]]
[[Zechariah]] 7,[[Zechariah]],[[Old Testament]]
[[Zechariah]] 8,[[Zechariah]],[[Old Testament]]
[[Zechariah]] 9,[[Zechariah]],[[Old Testament]]
[[Zechariah]] 10,[[Zechariah]],[[Old Testament]]
[[Zechariah]] 11,[[Zechariah]],[[Old Testament]]
[[Zechariah]] 12,[[Zechariah]],[[Old Testament]]
[[Zechariah]] 13,[[Zechariah]],[[Old Testament]]
[[Zechariah]] 14,[[Zechariah]],[[Old Testament]]
[[Malachi]] 1,[[Malachi]],[[Old Testament]]
[[Malachi]] 2,[[Malachi]],[[Old Testament]]
[[Malachi]] 3,[[Malachi]],[[Old Testament]]
[[Malachi]] 4,[[Malachi]],[[Old Testament]]
[[Matthew]] 1,[[Matthew]],[[New Testament]]
[[Matthew]] 2,[[Matthew]],[[New Testament]]
[[Matthew]] 3,[[Matthew]],[[New Testament]]
[[Matthew]] 4,[[Matthew]],[[New Testament]]
[[Matthew]] 5,[[Matthew]],[[New Testament]]
[[Matthew]] 6,[[Matthew]],[[New Testament]]
[[Matthew]] 7,[[Matthew]],[[New Testament]]
[[Matthew]] 8,[[Matthew]],[[New Testament]]
[[Matthew]] 9,[[Matthew]],[[New Testament]]
[[Matthew]] 10,[[Matthew]],[[New Testament]]
[[Matthew]] 11,[[Matthew]],[[New Testament]]
[[Matthew]] 12,[[Matthew]],[[New Testament]]
[[Matthew]] 13,[[Matthew]],[[New Testament]]
[[Matthew]] 14,[[Matthew]],[[New Testament]]
[[Matthew]] 15,[[Matthew]],[[New Testament]]
[[Matthew]] 16,[[Matthew]],[[New Testament]]
[[Matthew]] 17,[[Matthew]],[[New Testament]]
[[Matthew]] 18,[[Matthew]],[[New Testament]]
[[Matthew]] 19,[[Matthew]],[[New Testament]]
[[Matthew]] 20,[[Matthew]],[[New Testament]]
[[Matthew]] 21,[[Matthew]],[[New Testament]]
[[Matthew]] 22,[[Matthew]],[[New Testament]]
[[Matthew]] 23,[[Matthew]],[[New Testament]]
[[Matthew]] 24,[[Matthew]],[[New Testament]]
[[Matthew]] 25,[[Matthew]],[[New Testament]]
[[Matthew]] 26,[[Matthew]],[[New Testament]]
[[Matthew]] 27,[[Matthew]],[[New Testament]]
[[Matthew]] 28,[[Matthew]],[[New Testament]]
[[Mark]] 1,[[Mark]],[[New Testament]]
[[Mark]] 2,[[Mark]],[[New Testament]]
[[Mark]] 3,[[Mark]],[[New Testament]]
[[Mark]] 4,[[Mark]],[[New Testament]]
[[Mark]] 5,[[Mark]],[[New Testament]]
[[Mark]] 6,[[Mark]],[[New Testament]]
[[Mark]] 7,[[Mark]],[[New Testament]]
[[Mark]] 8,[[Mark]],[[New Testament]]
[[Mark]] 9,[[Mark]],[[New Testament]]
[[Mark]] 10,[[Mark]],[[New Testament]]
[[Mark]] 11,[[Mark]],[[New Testament]]
[[Mark]] 12,[[Mark]],[[New Testament]]
[[Mark]] 13,[[Mark]],[[New Testament]]
[[Mark]] 14,[[Mark]],[[New Testament]]
[[Mark]] 15,[[Mark]],[[New Testament]]
[[Mark]] 16,[[Mark]],[[New Testament]]
[[Luke]] 1,[[Luke]],[[New Testament]]
[[Luke]] 2,[[Luke]],[[New Testament]]
[[Luke]] 3,[[Luke]],[[New Testament]]
[[Luke]] 4,[[Luke]],[[New Testament]]
[[Luke]] 5,[[Luke]],[[New Testament]]
[[Luke]] 6,[[Luke]],[[New Testament]]
[[Luke]] 7,[[Luke]],[[New Testament]]
[[Luke]] 8,[[Luke]],[[New Testament]]
[[Luke]] 9,[[Luke]],[[New Testament]]
[[Luke]] 10,[[Luke]],[[New Testament]]
[[Luke]] 11,[[Luke]],[[New Testament]]
[[Luke]] 12,[[Luke]],[[New Testament]]
[[Luke]] 13,[[Luke]],[[New Testament]]
[[Luke]] 14,[[Luke]],[[New Testament]]
[[Luke]] 15,[[Luke]],[[New Testament]]
[[Luke]] 16,[[Luke]],[[New Testament]]
[[Luke]] 17,[[Luke]],[[New Testament]]
[[Luke]] 18,[[Luke]],[[New Testament]]
[[Luke]] 19,[[Luke]],[[New Testament]]
[[Luke]] 20,[[Luke]],[[New Testament]]
[[Luke]] 21,[[Luke]],[[New Testament]]
[[Luke]] 22,[[Luke]],[[New Testament]]
[[Luke]] 23,[[Luke]],[[New Testament]]
[[Luke]] 24,[[Luke]],[[New Testament]]
[[John]] 1,[[John]],[[New Testament]]
[[John]] 2,[[John]],[[New Testament]]
[[John]] 3,[[John]],[[New Testament]]
[[John]] 4,[[John]],[[New Testament]]
[[John]] 5,[[John]],[[New Testament]]
[[John]] 6,[[John]],[[New Testament]]
[[John]] 7,[[John]],[[New Testament]]
[[John]] 8,[[John]],[[New Testament]]
[[John]] 9,[[John]],[[New Testament]]
[[John]] 10,[[John]],[[New Testament]]
[[John]] 11,[[John]],[[New Testament]]
[[John]] 12,[[John]],[[New Testament]]
[[John]] 13,[[John]],[[New Testament]]
[[John]] 14,[[John]],[[New Testament]]
[[John]] 15,[[John]],[[New Testament]]
[[John]] 16,[[John]],[[New Testament]]
[[John]] 17,[[John]],[[New Testament]]
[[John]] 18,[[John]],[[New Testament]]
[[John]] 19,[[John]],[[New Testament]]
[[John]] 20,[[John]],[[New Testament]]
[[John]] 21,[[John]],[[New Testament]]
[[Acts]] 1,[[Acts]],[[New Testament]]
[[Acts]] 2,[[Acts]],[[New Testament]]
[[Acts]] 3,[[Acts]],[[New Testament]]
[[Acts]] 4,[[Acts]],[[New Testament]]
[[Acts]] 5,[[Acts]],[[New Testament]]
[[Acts]] 6,[[Acts]],[[New Testament]]
[[Acts]] 7,[[Acts]],[[New Testament]]
[[Acts]] 8,[[Acts]],[[New Testament]]
[[Acts]] 9,[[Acts]],[[New Testament]]
[[Acts]] 10,[[Acts]],[[New Testament]]
[[Acts]] 11,[[Acts]],[[New Testament]]
[[Acts]] 12,[[Acts]],[[New Testament]]
[[Acts]] 13,[[Acts]],[[New Testament]]
[[Acts]] 14,[[Acts]],[[New Testament]]
[[Acts]] 15,[[Acts]],[[New Testament]]
[[Acts]] 16,[[Acts]],[[New Testament]]
[[Acts]] 17,[[Acts]],[[New Testament]]
[[Acts]] 18,[[Acts]],[[New Testament]]
[[Acts]] 19,[[Acts]],[[New Testament]]
[[Acts]] 20,[[Acts]],[[New Testament]]
[[Acts]] 21,[[Acts]],[[New Testament]]
[[Acts]] 22,[[Acts]],[[New Testament]]
[[Acts]] 23,[[Acts]],[[New Testament]]
[[Acts]] 24,[[Acts]],[[New Testament]]
[[Acts]] 25,[[Acts]],[[New Testament]]
[[Acts]] 26,[[Acts]],[[New Testament]]
[[Acts]] 27,[[Acts]],[[New Testament]]
[[Acts]] 28,[[Acts]],[[New Testament]]
[[Romans]] 1,[[Romans]],[[New Testament]]
[[Romans]] 2,[[Romans]],[[New Testament]]
[[Romans]] 3,[[Romans]],[[New Testament]]
[[Romans]] 4,[[Romans]],[[New Testament]]
[[Romans]] 5,[[Romans]],[[New Testament]]
[[Romans]] 6,[[Romans]],[[New Testament]]
[[Romans]] 7,[[Romans]],[[New Testament]]
[[Romans]] 8,[[Romans]],[[New Testament]]
[[Romans]] 9,[[Romans]],[[New Testament]]
[[Romans]] 10,[[Romans]],[[New Testament]]
[[Romans]] 11,[[Romans]],[[New Testament]]
[[Romans]] 12,[[Romans]],[[New Testament]]
[[Romans]] 13,[[Romans]],[[New Testament]]
[[Romans]] 14,[[Romans]],[[New Testament]]
[[Romans]] 15,[[Romans]],[[New Testament]]
[[Romans]] 16,[[Romans]],[[New Testament]]
[[1 Corinthians]] 1,[[1 Corinthians]],[[New Testament]]
[[1 Corinthians]] 2,[[1 Corinthians]],[[New Testament]]
[[1 Corinthians]] 3,[[1 Corinthians]],[[New Testament]]
[[1 Corinthians]] 4,[[1 Corinthians]],[[New Testament]]
[[1 Corinthians]] 5,[[1 Corinthians]],[[New Testament]]
[[1 Corinthians]] 6,[[1 Corinthians]],[[New Testament]]
[[1 Corinthians]] 7,[[1 Corinthians]],[[New Testament]]
[[1 Corinthians]] 8,[[1 Corinthians]],[[New Testament]]
[[1 Corinthians]] 9,[[1 Corinthians]],[[New Testament]]
[[1 Corinthians]] 10,[[1 Corinthians]],[[New Testament]]
[[1 Corinthians]] 11,[[1 Corinthians]],[[New Testament]]
[[1 Corinthians]] 12,[[1 Corinthians]],[[New Testament]]
[[1 Corinthians]] 13,[[1 Corinthians]],[[New Testament]]
[[1 Corinthians]] 14,[[1 Corinthians]],[[New Testament]]
[[1 Corinthians]] 15,[[1 Corinthians]],[[New Testament]]
[[1 Corinthians]] 16,[[1 Corinthians]],[[New Testament]]
[[2 Corinthians]] 1,[[2 Corinthians]],[[New Testament]]
[[2 Corinthians]] 2,[[2 Corinthians]],[[New Testament]]
[[2 Corinthians]] 3,[[2 Corinthians]],[[New Testament]]
[[2 Corinthians]] 4,[[2 Corinthians]],[[New Testament]]
[[2 Corinthians]] 5,[[2 Corinthians]],[[New Testament]]
[[2 Corinthians]] 6,[[2 Corinthians]],[[New Testament]]
[[2 Corinthians]] 7,[[2 Corinthians]],[[New Testament]]
[[2 Corinthians]] 8,[[2 Corinthians]],[[New Testament]]
[[2 Corinthians]] 9,[[2 Corinthians]],[[New Testament]]
[[2 Corinthians]] 10,[[2 Corinthians]],[[New Testament]]
[[2 Corinthians]] 11,[[2 Corinthians]],[[New Testament]]
[[2 Corinthians]] 12,[[2 Corinthians]],[[New Testament]]
[[2 Corinthians]] 13,[[2 Corinthians]],[[New Testament]]
[[Galatians]] 1,[[Galatians]],[[New Testament]]
[[Galatians]] 2,[[Galatians]],[[New Testament]]
[[Galatians]] 3,[[Galatians]],[[New Testament]]
[[Galatians]] 4,[[Galatians]],[[New Testament]]
[[Galatians]] 5,[[Galatians]],[[New Testament]]
[[Galatians]] 6,[[Galatians]],[[New Testament]]
[[Ephesians]] 1,[[Ephesians]],[[New Testament]]
[[Ephesians]] 2,[[Ephesians]],[[New Testament]]
[[Ephesians]] 3,[[Ephesians]],[[New Testament]]
[[Ephesians]] 4,[[Ephesians]],[[New Testament]]
[[Ephesians]] 5,[[Ephesians]],[[New Testament]]
[[Ephesians]] 6,[[Ephesians]],[[New Testament]]
[[Philippians]] 1,[[Philippians]],[[New Testament]]
[[Philippians]] 2,[[Philippians]],[[New Testament]]
[[Philippians]] 3,[[Philippians]],[[New Testament]]
[[Philippians]] 4,[[Philippians]],[[New Testament]]
[[Colossians]] 1,[[Colossians]],[[New Testament]]
[[Colossians]] 2,[[Colossians]],[[New Testament]]
[[Colossians]] 3,[[Colossians]],[[New Testament]]
[[Colossians]] 4,[[Colossians]],[[New Testament]]
[[1 Thessalonians]] 1,[[1 Thessalonians]],[[New Testament]]
[[1 Thessalonians]] 2,[[1 Thessalonians]],[[New Testament]]
[[1 Thessalonians]] 3,[[1 Thessalonians]],[[New Testament]]
[[1 Thessalonians]] 4,[[1 Thessalonians]],[[New Testament]]
[[1 Thessalonians]] 5,[[1 Thessalonians]],[[New Testament]]
[[2 Thessalonians]] 1,[[2 Thessalonians]],[[New Testament]]
[[2 Thessalonians]] 2,[[2 Thessalonians]],[[New Testament]]
[[2 Thessalonians]] 3,[[2 Thessalonians]],[[New Testament]]
[[1 Timothy]] 1,[[1 Timothy]],[[New Testament]]
[[1 Timothy]] 2,[[1 Timothy]],[[New Testament]]
[[1 Timothy]] 3,[[1 Timothy]],[[New Testament]]
[[1 Timothy]] 4,[[1 Timothy]],[[New Testament]]
[[1 Timothy]] 5,[[1 Timothy]],[[New Testament]]
[[1 Timothy]] 6,[[1 Timothy]],[[New Testament]]
[[2 Timothy]] 1,[[2 Timothy]],[[New Testament]]
[[2 Timothy]] 2,[[2 Timothy]],[[New Testament]]
[[2 Timothy]] 3,[[2 Timothy]],[[New Testament]]
[[2 Timothy]] 4,[[2 Timothy]],[[New Testament]]
[[Titus]] 1,[[Titus]],[[New Testament]]
[[Titus]] 2,[[Titus]],[[New Testament]]
[[Titus]] 3,[[Titus]],[[New Testament]]
[[Philemon]] 1,[[Philemon]],[[New Testament]]
[[Hebrews]] 1,[[Hebrews]],[[New Testament]]
[[Hebrews]] 2,[[Hebrews]],[[New Testament]]
[[Hebrews]] 3,[[Hebrews]],[[New Testament]]
[[Hebrews]] 4,[[Hebrews]],[[New Testament]]
[[Hebrews]] 5,[[Hebrews]],[[New Testament]]
[[Hebrews]] 6,[[Hebrews]],[[New Testament]]
[[Hebrews]] 7,[[Hebrews]],[[New Testament]]
[[Hebrews]] 8,[[Hebrews]],[[New Testament]]
[[Hebrews]] 9,[[Hebrews]],[[New Testament]]
[[Hebrews]] 10,[[Hebrews]],[[New Testament]]
[[Hebrews]] 11,[[Hebrews]],[[New Testament]]
[[Hebrews]] 12,[[Hebrews]],[[New Testament]]
[[Hebrews]] 13,[[Hebrews]],[[New Testament]]
[[James]] 1,[[James]],[[New Testament]]
[[James]] 2,[[James]],[[New Testament]]
[[James]] 3,[[James]],[[New Testament]]
[[James]] 4,[[James]],[[New Testament]]
[[James]] 5,[[James]],[[New Testament]]
[[1 Peter]] 1,[[1 Peter]],[[New Testament]]
[[1 Peter]] 2,[[1 Peter]],[[New Testament]]
[[1 Peter]] 3,[[1 Peter]],[[New Testament]]
[[1 Peter]] 4,[[1 Peter]],[[New Testament]]
[[1 Peter]] 5,[[1 Peter]],[[New Testament]]
[[2 Peter]] 1,[[2 Peter]],[[New Testament]]
[[2 Peter]] 2,[[2 Peter]],[[New Testament]]
[[2 Peter]] 3,[[2 Peter]],[[New Testament]]
[[1 John]] 1,[[1 John]],[[New Testament]]
[[1 John]] 2,[[1 John]],[[New Testament]]
[[1 John]] 3,[[1 John]],[[New Testament]]
[[1 John]] 4,[[1 John]],[[New Testament]]
[[1 John]] 5,[[1 John]],[[New Testament]]
[[2 John]] 1,[[2 John]],[[New Testament]]
[[3 John]] 1,[[3 John]],[[New Testament]]
[[Jude]] 1,[[Jude]],[[New Testament]]
[[Revelation]] 1,[[Revelation]],[[New Testament]]
[[Revelation]] 2,[[Revelation]],[[New Testament]]
[[Revelation]] 3,[[Revelation]],[[New Testament]]
[[Revelation]] 4,[[Revelation]],[[New Testament]]
[[Revelation]] 5,[[Revelation]],[[New Testament]]
[[Revelation]] 6,[[Revelation]],[[New Testament]]
[[Revelation]] 7,[[Revelation]],[[New Testament]]
[[Revelation]] 8,[[Revelation]],[[New Testament]]
[[Revelation]] 9,[[Revelation]],[[New Testament]]
[[Revelation]] 10,[[Revelation]],[[New Testament]]
[[Revelation]] 11,[[Revelation]],[[New Testament]]
[[Revelation]] 12,[[Revelation]],[[New Testament]]
[[Revelation]] 13,[[Revelation]],[[New Testament]]
[[Revelation]] 14,[[Revelation]],[[New Testament]]
[[Revelation]] 15,[[Revelation]],[[New Testament]]
[[Revelation]] 16,[[Revelation]],[[New Testament]]
[[Revelation]] 17,[[Revelation]],[[New Testament]]
[[Revelation]] 18,[[Revelation]],[[New Testament]]
[[Revelation]] 19,[[Revelation]],[[New Testament]]
[[Revelation]] 20,[[Revelation]],[[New Testament]]
[[Revelation]] 21,[[Revelation]],[[New Testament]]
[[Revelation]] 22,[[Revelation]],[[New Testament]]
